stdgCd,lclgvNm,rteId,vhclNo,gthrDt,rteNo,lat,lot,oprDrct,oprSpd,evtCd,evtType,totDt
4686000000,전라남도 함평군,10,251016,2026-04-04 00:00:00,100,35.0621109000,126.5234756500,52,49,,GPS,2026-04-04 08:19:01
4686000000,전라남도 함평군,10,251032,2026-04-01 00:00:00,100,35.0622253400,126.5232162500,315,31,,GPS,2026-04-01 11:09:01
4686000000,전라남도 함평군,10,252000,2026-03-31 00:00:00,100,35.0629539500,126.5225906400,325,23,,GPS,2026-03-31 11:12:00
4686000000,전라남도 함평군,10,252001,2026-04-03 00:00:00,100,35.0609817500,126.5237503100,338,47,,GPS,2026-04-03 08:19:02
4686000000,전라남도 함평군,10,252002,2026-03-30 00:00:00,100,35.0626411400,126.5223617600,85,32,,GPS,2026-03-30 11:09:01
4686000000,전라남도 함평군,10,252005,2026-04-06 00:00:00,100,35.0620842000,126.5238571200,160,47,,GPS,2026-04-06 08:21:01
4686000000,전라남도 함평군,10,252006,2026-04-06 00:00:00,100,35.0621032700,126.5235061600,269,42,,GPS,2026-04-06 14:45:01
4686000000,전라남도 함평군,10,252007,2026-04-06 00:00:00,100,35.0642700200,126.5215988200,334,37,,GPS,2026-04-06 11:12:01
4686000000,전라남도 함평군,10,252008,2026-03-24 00:00:00,100,35.0620803800,126.5235290500,243,33,,,2026-03-24 14:45:04
4686000000,전라남도 함평군,100,251000,2026-03-18 00:00:00,500,35.2307243300,126.6466903700,357,36,,,2026-03-18 09:09:02
4686000000,전라남도 함평군,100,251012,2026-03-16 00:00:00,500,35.2335128800,126.6474380500,11,39,,,2026-03-16 09:21:01
4686000000,전라남도 함평군,100,251025,2026-03-19 00:00:00,500,35.1615371700,126.8820190400,127,27,,,2026-03-19 10:51:01
4686000000,전라남도 함평군,100,251027,2026-03-30 00:00:00,500,35.2318649300,126.6467056300,189,37,,GPS,2026-03-30 09:25:02
4686000000,전라남도 함평군,100,251038,2026-03-29 00:00:00,500,35.2351036100,126.6476287800,0,18,,GPS,2026-03-29 09:01:01
4686000000,전라남도 함평군,100,251039,2026-03-26 00:00:00,500,35.2341995200,126.6474456800,149,15,,,2026-03-26 09:19:01
4686000000,전라남도 함평군,100,251040,2026-04-06 00:00:00,500,35.2350959800,126.6475601200,11,0,,GPS,2026-04-06 09:17:00
4686000000,전라남도 함평군,100,251045,2026-03-20 00:00:00,500,35.2317161600,126.6469345100,13,42,,,2026-03-20 09:04:01
4686000000,전라남도 함평군,101,251000,2026-04-06 00:00:00,500,35.0624122600,126.5230178800,122,0,,GPS,2026-04-06 12:49:01
4686000000,전라남도 함평군,101,251005,2026-04-06 00:00:00,500,35.0621376000,126.5236206100,139,23,,GPS,2026-04-06 16:05:01
4686000000,전라남도 함평군,101,251006,2026-04-04 00:00:00,500,35.0624237100,126.5235214200,248,0,,GPS,2026-04-04 16:05:01
4686000000,전라남도 함평군,101,251007,2026-04-05 00:00:00,500,35.0621795700,126.5237731900,139,17,,GPS,2026-04-05 13:52:01
4686000000,전라남도 함평군,101,251008,2026-04-01 00:00:00,500,35.0622177100,126.5237274200,157,22,,GPS,2026-04-01 16:01:01
4686000000,전라남도 함평군,101,251012,2026-03-27 00:00:00,500,35.0622291600,126.5236053500,185,18,,GPS,2026-03-27 18:03:01
4686000000,전라남도 함평군,101,251019,2026-04-06 00:00:00,500,35.1617164600,126.8811416600,271,0,,GPS,2026-04-06 07:20:02
4686000000,전라남도 함평군,101,251020,2026-03-27 00:00:00,500,35.0622634900,126.5237579300,18,0,,GPS,2026-03-27 16:14:01
4686000000,전라남도 함평군,101,251021,2026-04-06 00:00:00,500,35.1495208700,126.7689132700,260,31,,GPS,2026-04-06 16:37:01
4686000000,전라남도 함평군,101,251023,2026-04-05 00:00:00,500,35.0621452300,126.5235672000,163,0,,GPS,2026-04-05 18:07:01
4686000000,전라남도 함평군,101,251025,2026-04-01 00:00:00,500,35.0615234400,126.5239181500,176,21,,GPS,2026-04-01 13:44:00
4686000000,전라남도 함평군,101,251027,2026-03-29 00:00:00,500,35.0664176900,126.5256805400,245,26,,GPS,2026-03-29 12:49:01
4686000000,전라남도 함평군,101,251029,2026-03-24 00:00:00,500,35.0623626700,126.5234756500,359,38,,,2026-03-24 09:43:00
4686000000,전라남도 함평군,101,251030,2026-04-03 00:00:00,500,35.0637283300,126.5219726600,331,0,,GPS,2026-04-03 18:14:01
4686000000,전라남도 함평군,101,251037,2026-04-05 00:00:00,500,35.0620422400,126.5233993500,181,0,,GPS,2026-04-05 09:30:02
4686000000,전라남도 함평군,101,251038,2026-04-01 00:00:00,500,35.0627021800,126.5227203400,329,22,,GPS,2026-04-01 10:02:01
4686000000,전라남도 함평군,101,251039,2026-03-27 00:00:00,500,35.0621376000,126.5237121600,159,0,,GPS,2026-03-27 09:53:01
4686000000,전라남도 함평군,101,251040,2026-04-04 00:00:00,500,35.0621833800,126.5236282300,113,51,,GPS,2026-04-04 09:31:01
4686000000,전라남도 함평군,101,251043,2026-04-04 00:00:00,500,35.0622177100,126.5236129800,142,0,,GPS,2026-04-04 18:05:00
4686000000,전라남도 함평군,101,251045,2026-04-03 00:00:00,500,35.0622062700,126.5236358600,287,0,,GPS,2026-04-03 09:58:02
4686000000,전라남도 함평군,101,251046,2026-04-06 00:00:00,500,35.0622062700,126.5233764600,261,0,,GPS,2026-04-06 09:44:01
4686000000,전라남도 함평군,102,251000,2026-04-02 00:00:00,500,35.1614151000,126.8820953400,78,54,,GPS,2026-04-02 10:25:01
4686000000,전라남도 함평군,102,251005,2026-04-04 00:00:00,500,35.1616592400,126.8783187900,40,23,,GPS,2026-04-04 20:02:01
4686000000,전라남도 함평군,102,251006,2026-04-05 00:00:00,500,35.1631736800,126.8498764000,351,37,,GPS,2026-04-05 13:52:01
4686000000,전라남도 함평군,102,251007,2026-04-04 00:00:00,500,35.1614685100,126.8817825300,290,56,,GPS,2026-04-04 10:26:01
4686000000,전라남도 함평군,102,251008,2026-04-06 00:00:00,500,35.1631164600,126.8498153700,143,14,,GPS,2026-04-06 13:42:01
4686000000,전라남도 함평군,102,251012,2026-03-24 00:00:00,500,35.1614532500,126.8821487400,91,0,,,2026-03-24 17:04:02
4686000000,전라남도 함평군,102,251019,2026-03-25 00:00:00,500,35.1616401700,126.8778076200,124,12,,,2026-03-25 17:11:01
4686000000,전라남도 함평군,102,251020,2026-03-30 00:00:00,500,35.1617355300,126.8818359400,338,17,,GPS,2026-03-30 19:41:01
4686000000,전라남도 함평군,102,251023,2026-04-02 00:00:00,500,35.1615982100,126.8824920700,6,0,,GPS,2026-04-02 17:06:03
4686000000,전라남도 함평군,102,251025,2026-03-27 00:00:00,500,35.1615257300,126.8804397600,87,48,,GPS,2026-03-27 10:22:01
4686000000,전라남도 함평군,102,251027,2026-04-04 00:00:00,500,35.1514320400,126.8681259200,89,53,,GPS,2026-04-04 16:28:01
4686000000,전라남도 함평군,102,251029,2026-03-17 00:00:00,500,0E-10,0E-10,350,65,,,2026-03-17 10:18:01
4686000000,전라남도 함평군,102,251036,2026-03-23 00:00:00,500,35.1617240900,126.8816833500,70,50,,,2026-03-23 14:00:01
4686000000,전라남도 함평군,102,251037,2026-03-27 00:00:00,500,35.0621604900,126.5234222400,246,12,,GPS,2026-03-27 13:04:02
4686000000,전라남도 함평군,102,251038,2026-04-06 00:00:00,500,35.1492881800,126.7687835700,83,33,,GPS,2026-04-06 16:06:00
4686000000,전라남도 함평군,102,251039,2026-03-23 00:00:00,500,35.1614685100,126.8794937100,87,0,,,2026-03-23 10:38:01
4686000000,전라남도 함평군,102,251043,2026-04-01 00:00:00,500,35.1615638700,126.8839874300,283,0,,GPS,2026-04-01 17:06:00
4686000000,전라남도 함평군,102,251045,2026-03-30 00:00:00,500,35.1614875800,126.8816757200,128,0,,GPS,2026-03-30 10:39:01
4686000000,전라남도 함평군,102,251046,2026-04-03 00:00:00,500,35.1596183800,126.8769607500,352,21,,GPS,2026-04-03 10:44:01
4686000000,전라남도 함평군,104,251000,2026-04-02 00:00:00,500,35.0621643100,126.5237350500,352,21,,GPS,2026-04-02 13:31:01
4686000000,전라남도 함평군,104,251001,2026-04-02 00:00:00,500,35.0622062700,126.5237503100,156,0,,GPS,2026-04-02 08:53:00
4686000000,전라남도 함평군,104,251007,2026-04-04 00:00:00,500,35.0621299700,126.5237274200,152,0,,GPS,2026-04-04 12:19:01
4686000000,전라남도 함평군,104,251012,2026-03-31 00:00:00,500,35.0621032700,126.5237503100,220,0,,GPS,2026-03-31 09:07:01
4686000000,전라남도 함평군,104,251019,2026-04-03 00:00:00,500,35.0623016400,126.5235214200,132,0,,GPS,2026-04-03 12:56:01
4686000000,전라남도 함평군,104,251021,2026-04-04 00:00:00,500,35.0620498700,126.5236892700,333,0,,GPS,2026-04-04 09:06:01
4686000000,전라남도 함평군,104,251023,2026-03-16 00:00:00,500,35.0621337900,126.5236282300,160,0,,,2026-03-16 09:08:00
4686000000,전라남도 함평군,104,251025,2026-03-27 00:00:00,500,35.0620613100,126.5236816400,245,0,,GPS,2026-03-27 12:29:01
4686000000,전라남도 함평군,104,251027,2026-03-26 00:00:00,500,35.0621109000,126.5237503100,166,0,,,2026-03-26 13:34:01
4686000000,전라남도 함평군,104,251029,2026-03-20 00:00:00,500,35.0620956400,126.5238571200,15,0,,,2026-03-20 08:39:01
4686000000,전라남도 함평군,104,251038,2026-03-25 00:00:00,500,35.0621643100,126.5234603900,50,34,,,2026-03-25 12:15:01
4686000000,전라남도 함평군,104,251039,2026-04-06 00:00:00,500,35.0626335100,126.5233459500,271,22,,GPS,2026-04-06 08:33:01
4686000000,전라남도 함평군,104,251040,2026-03-19 00:00:00,500,35.0621032700,126.5235977200,176,0,,,2026-03-19 08:36:00
4686000000,전라남도 함평군,104,251043,2026-03-18 00:00:00,500,35.0621376000,126.5235137900,248,0,,,2026-03-18 13:36:01
4686000000,전라남도 함평군,104,251045,2026-03-30 00:00:00,500,35.0621604900,126.5237350500,197,17,,GPS,2026-03-30 13:38:01
4686000000,전라남도 함평군,104,251046,2026-04-03 00:00:00,500,35.0621337900,126.5235824600,144,0,,GPS,2026-04-03 12:11:01
4686000000,전라남도 함평군,106,251000,2026-04-03 00:00:00,500,35.1616478000,126.8778381300,250,18,,GPS,2026-04-03 18:11:01
4686000000,전라남도 함평군,106,251005,2026-04-05 00:00:00,500,35.1616821300,126.8818206800,251,0,,GPS,2026-04-05 14:32:01
4686000000,전라남도 함평군,106,251006,2026-04-03 00:00:00,500,35.0623550400,126.5235519400,90,0,,GPS,2026-04-03 16:16:01
4686000000,전라남도 함평군,106,251008,2026-04-04 00:00:00,500,35.1633300800,126.8499374400,25,50,,GPS,2026-04-04 14:26:01
4686000000,전라남도 함평군,106,251012,2026-03-13 00:00:00,500,35.1616706800,126.8812942500,273,0,,,2026-03-13 18:08:01
4686000000,전라남도 함평군,106,251019,2026-04-06 00:00:00,500,35.2156715400,126.6259155300,264,32,,GPS,2026-04-06 16:37:01
4686000000,전라남도 함평군,106,251020,2026-03-19 00:00:00,500,35.1519317600,126.8700790400,231,0,,,2026-03-19 11:48:01
4686000000,전라남도 함평군,106,251025,2026-03-29 00:00:00,500,35.1613464400,126.8820495600,98,52,,GPS,2026-03-29 17:45:02
4686000000,전라남도 함평군,106,251027,2026-03-27 00:00:00,500,35.1534271200,126.8768463100,359,28,,GPS,2026-03-27 18:03:01
4686000000,전라남도 함평군,106,251037,2026-03-18 00:00:00,500,35.1613426200,126.8793792700,94,0,,,2026-03-18 17:50:02
4686000000,전라남도 함평군,106,251038,2026-03-26 00:00:00,500,35.2059555100,126.6232528700,194,34,,GPS,2026-03-26 16:31:29
4686000000,전라남도 함평군,106,251043,2026-03-25 00:00:00,500,35.1616897600,126.8817443800,263,0,,,2026-03-25 18:10:02
4686000000,전라남도 함평군,106,251045,2026-04-02 00:00:00,500,35.1616325400,126.8818359400,275,0,,GPS,2026-04-02 18:09:02
4686000000,전라남도 함평군,106,251046,2026-03-23 00:00:00,500,35.2335166900,126.6472549400,282,0,,,2026-03-23 19:42:14
4686000000,전라남도 함평군,11,251016,2026-03-31 00:00:00,100,35.0621185300,126.5234909100,259,0,,GPS,2026-03-31 07:00:02
4686000000,전라남도 함평군,11,252001,2026-03-20 00:00:00,100,35.0620918300,126.5235443100,314,0,,,2026-03-20 06:59:03
4686000000,전라남도 함평군,11,252005,2026-04-02 00:00:00,100,35.0603561400,126.5239028900,158,20,,GPS,2026-04-02 07:02:02
4686000000,전라남도 함평군,11,252006,2026-04-06 00:00:00,100,35.0620460500,126.5234756500,152,0,,GPS,2026-04-06 07:00:12
4686000000,전라남도 함평군,11,252008,2026-03-16 00:00:00,100,35.0624275200,126.5234298700,82,17,,,2026-03-16 07:41:01
4686000000,전라남도 함평군,111,251000,2026-03-23 00:00:00,500,35.1615600600,126.8790893600,274,0,,,2026-03-23 15:39:01
4686000000,전라남도 함평군,111,251005,2026-04-06 00:00:00,500,35.1631050100,126.8499832200,94,0,,GPS,2026-04-06 14:05:01
4686000000,전라남도 함평군,111,251006,2026-04-04 00:00:00,500,35.0622062700,126.5235595700,74,0,,GPS,2026-04-04 11:42:02
4686000000,전라남도 함평군,111,251008,2026-04-04 00:00:00,500,35.0570488000,126.4829025300,214,22,,GPS,2026-04-04 18:46:01
4686000000,전라남도 함평군,111,251020,2026-03-27 00:00:00,500,35.0636444100,126.5221710200,330,0,,GPS,2026-03-27 11:42:01
4686000000,전라남도 함평군,111,251021,2026-03-19 00:00:00,500,35.0624389600,126.5231475800,245,0,,,2026-03-19 19:42:01
4686000000,전라남도 함평군,111,251023,2026-03-30 00:00:00,500,35.0621681200,126.5236969000,160,20,,GPS,2026-03-30 14:26:02
4686000000,전라남도 함평군,111,251025,2026-03-16 00:00:00,500,0E-10,0E-10,201,29,,,2026-03-16 15:26:01
4686000000,전라남도 함평군,111,251027,2026-04-01 00:00:00,500,35.0622253400,126.5235595700,159,0,,GPS,2026-04-01 14:28:01
4686000000,전라남도 함평군,111,251029,2026-03-25 00:00:00,500,35.1621780400,126.8747711200,275,32,,,2026-03-25 15:40:02
4686000000,전라남도 함평군,111,251030,2026-03-28 00:00:00,500,35.0624961900,126.5231170700,64,0,,GPS,2026-03-28 14:05:01
4686000000,전라남도 함평군,111,251036,2026-03-16 00:00:00,500,35.0622749300,126.5236129800,154,0,,,2026-03-16 19:03:01
4686000000,전라남도 함평군,111,251037,2026-04-06 00:00:00,500,35.0623245200,126.5236358600,180,0,,GPS,2026-04-06 14:04:01
4686000000,전라남도 함평군,111,251038,2026-04-03 00:00:00,500,35.0565605200,126.4830856300,14,26,,GPS,2026-04-03 13:44:01
4686000000,전라남도 함평군,111,251039,2026-03-29 00:00:00,500,35.0621757500,126.5235214200,169,0,,GPS,2026-03-29 14:05:01
4686000000,전라남도 함평군,111,251040,2026-04-02 00:00:00,500,35.0622329700,126.5235672000,72,0,,GPS,2026-04-02 14:31:23
4686000000,전라남도 함평군,111,251045,2026-04-05 00:00:00,500,35.0623168900,126.5234756500,13,0,,GPS,2026-04-05 14:23:01
4686000000,전라남도 함평군,111,251046,2026-03-31 00:00:00,500,35.0623664900,126.5229721100,105,0,,GPS,2026-03-31 14:02:01
4686000000,전라남도 함평군,112,251005,2026-04-02 00:00:00,500,35.0580444300,126.5263595600,59,54,,GPS,2026-04-04 05:55:01
4686000000,전라남도 함평군,112,251006,2026-04-04 00:00:00,500,35.0580024700,126.5262985200,105,60,,GPS,2026-04-05 05:42:01
4686000000,전라남도 함평군,112,251008,2026-04-01 00:00:00,500,35.0579643200,126.5263671900,99,17,,GPS,2026-04-03 05:45:06
4686000000,전라남도 함평군,112,251020,2026-03-27 00:00:00,500,35.0581016500,126.5262603800,32,48,,GPS,2026-03-27 20:29:00
4686000000,전라남도 함평군,113,251000,2026-03-30 00:00:00,500,35.0621490500,126.5234527600,74,0,,GPS,2026-03-30 09:20:02
4686000000,전라남도 함평군,113,251005,2026-04-04 00:00:00,500,35.0620803800,126.5237503100,348,0,,GPS,2026-04-04 17:54:01
4686000000,전라남도 함평군,113,251006,2026-04-05 00:00:00,500,35.0622139000,126.5237274200,149,0,,GPS,2026-04-05 16:15:01
4686000000,전라남도 함평군,113,251007,2026-04-03 00:00:00,500,35.0621910100,126.5237808200,171,0,,GPS,2026-04-03 09:00:04
4686000000,전라남도 함평군,113,251008,2026-04-06 00:00:00,500,35.0621528600,126.5237503100,154,0,,GPS,2026-04-06 16:37:01
4686000000,전라남도 함평군,113,251012,2026-03-28 00:00:00,500,35.0620384200,126.5236663800,184,0,,GPS,2026-03-28 09:13:01
4686000000,전라남도 함평군,113,251019,2026-04-02 00:00:00,500,35.0621795700,126.5236053500,205,0,,GPS,2026-04-02 09:00:02
4686000000,전라남도 함평군,113,251020,2026-03-30 00:00:00,500,35.0624008200,126.5235672000,142,8,,GPS,2026-03-30 17:32:01
4686000000,전라남도 함평군,113,251023,2026-04-06 00:00:00,500,35.0620803800,126.5236434900,171,0,,GPS,2026-04-06 09:13:01
4686000000,전라남도 함평군,113,251025,2026-03-23 00:00:00,500,35.0623741100,126.5236663800,327,67,,,2026-03-23 09:10:51
4686000000,전라남도 함평군,113,251030,2026-04-04 00:00:00,500,35.0621566800,126.5237350500,147,0,,GPS,2026-04-04 08:58:01
4686000000,전라남도 함평군,113,251036,2026-03-23 00:00:00,500,35.0620994600,126.5237121600,353,0,,,2026-03-23 16:13:01
4686000000,전라남도 함평군,113,251038,2026-03-27 00:00:00,500,35.0621604900,126.5237197900,169,0,,GPS,2026-03-27 09:05:01
4686000000,전라남도 함평군,113,251039,2026-03-14 00:00:00,500,35.0620880100,126.5236511200,143,0,,,2026-03-14 09:04:01
4686000000,전라남도 함평군,113,251043,2026-04-05 00:00:00,500,35.0621376000,126.5234832800,242,0,,GPS,2026-04-05 09:17:01
4686000000,전라남도 함평군,113,251045,2026-04-01 00:00:00,500,35.0621643100,126.5234298700,353,0,,GPS,2026-04-01 09:17:01
4686000000,전라남도 함평군,12,251016,2026-04-04 00:00:00,100,35.0621109000,126.5234451300,252,71,,GPS,2026-04-04 18:00:02
4686000000,전라남도 함평군,12,252001,2026-03-27 00:00:00,100,35.0620689400,126.5234375000,242,67,,GPS,2026-03-27 11:39:01
4686000000,전라남도 함평군,12,252003,2026-03-15 00:00:00,100,35.0621376000,126.5234756500,264,59,,,2026-03-15 14:15:02
4686000000,전라남도 함평군,12,252005,2026-04-06 00:00:00,100,35.0221862800,126.5325698900,238,61,,GPS,2026-04-06 12:20:02
4686000000,전라남도 함평군,12,252006,2026-04-06 00:00:00,100,35.0619430500,126.5232620200,226,56,,GPS,2026-04-06 08:02:02
4686000000,전라남도 함평군,13,251016,2026-03-31 00:00:00,100,35.0621337900,126.5234909100,243,42,,GPS,2026-03-31 18:44:01
4686000000,전라남도 함평군,13,251032,2026-04-01 00:00:00,100,35.0620994600,126.5234222400,276,51,,GPS,2026-04-01 12:39:01
4686000000,전라남도 함평군,13,252000,2026-04-05 00:00:00,100,35.0647735600,126.5211639400,282,40,,GPS,2026-04-05 12:43:01
4686000000,전라남도 함평군,13,252001,2026-03-28 00:00:00,100,35.0620880100,126.5234527600,253,55,,GPS,2026-03-28 08:01:01
4686000000,전라남도 함평군,13,252002,2026-03-30 00:00:00,100,35.1421814000,126.4200058000,303,49,,GPS,2026-03-30 13:09:01
4686000000,전라남도 함평군,13,252005,2026-04-03 00:00:00,100,35.0621757500,126.5236282300,174,56,,GPS,2026-04-03 17:58:01
4686000000,전라남도 함평군,13,252006,2026-04-04 00:00:00,100,35.0621147200,126.5235137900,309,52,,GPS,2026-04-04 07:59:01
4686000000,전라남도 함평군,13,252007,2026-04-06 00:00:00,100,35.0623283400,126.5236511200,344,56,,GPS,2026-04-06 16:37:01
4686000000,전라남도 함평군,14,251016,2026-04-04 00:00:00,100,35.0815696700,126.5025634800,153,0,,GPS,2026-04-06 16:37:01
4686000000,전라남도 함평군,14,251032,2026-04-03 00:00:00,100,35.0620727500,126.5237350500,152,49,,GPS,2026-04-03 08:57:02
4686000000,전라남도 함평군,14,252000,2026-04-06 00:00:00,100,35.0621452300,126.5234909100,0,54,,GPS,2026-04-06 09:00:03
4686000000,전라남도 함평군,14,252001,2026-04-02 00:00:00,100,35.0629501300,126.5226593000,149,56,,GPS,2026-04-02 11:36:14
4686000000,전라남도 함평군,14,252002,2026-04-01 00:00:00,100,35.0623817400,126.5239944500,14,19,,GPS,2026-04-01 09:01:00
4686000000,전라남도 함평군,14,252005,2026-04-03 00:00:00,100,35.0543594400,126.5293960600,11,46,,GPS,2026-04-03 13:25:01
4686000000,전라남도 함평군,14,252006,2026-04-06 00:00:00,100,35.0620651200,126.5235214200,174,44,,GPS,2026-04-06 06:30:03
4686000000,전라남도 함평군,14,252007,2026-03-30 00:00:00,100,35.0618019100,126.5232772800,161,53,,GPS,2026-03-30 19:55:01
4686000000,전라남도 함평군,16,251016,2026-04-04 00:00:00,100,35.0620384200,126.5234832800,225,39,,GPS,2026-04-04 12:24:01
4686000000,전라남도 함평군,16,251032,2026-04-06 00:00:00,100,35.0620765700,126.5234832800,256,56,,GPS,2026-04-06 15:29:01
4686000000,전라남도 함평군,16,252000,2026-04-01 00:00:00,100,35.0621376000,126.5234832800,251,49,,GPS,2026-04-01 15:31:01
4686000000,전라남도 함평군,16,252001,2026-04-06 00:00:00,100,35.0611381500,126.5235061600,339,66,,GPS,2026-04-06 16:37:01
4686000000,전라남도 함평군,16,252002,2026-03-31 00:00:00,100,35.0618782000,126.5235519400,160,0,,GPS,2026-03-31 15:29:01
4686000000,전라남도 함평군,16,252005,2026-04-06 00:00:00,100,35.0621910100,126.5237503100,183,50,,GPS,2026-04-06 16:37:01
4686000000,전라남도 함평군,16,252006,2026-04-05 00:00:00,100,35.0620803800,126.5234756500,244,62,,GPS,2026-04-05 12:25:01
4686000000,전라남도 함평군,16,252007,2026-03-30 00:00:00,100,35.0622024500,126.5234222400,290,57,,GPS,2026-03-30 15:29:01
4686000000,전라남도 함평군,16,252008,2026-03-23 00:00:00,100,35.0624961900,126.5234680200,264,64,,,2026-03-23 11:41:01
4686000000,전라남도 함평군,17,251032,2026-04-05 00:00:00,100,35.0620460500,126.5234451300,257,36,,GPS,2026-04-05 06:45:02
4686000000,전라남도 함평군,17,252000,2026-04-06 00:00:00,100,35.0621109000,126.5234298700,0,36,,GPS,2026-04-06 10:30:02
4686000000,전라남도 함평군,17,252002,2026-04-02 00:00:00,100,35.0619773900,126.5270843500,94,28,,GPS,2026-04-02 08:34:01
4686000000,전라남도 함평군,17,252005,2026-04-04 00:00:00,100,35.0501937900,126.5327911400,155,56,,GPS,2026-04-04 09:54:01
4686000000,전라남도 함평군,17,252006,2026-03-29 00:00:00,100,35.0244636500,126.5388259900,52,49,,GPS,2026-03-29 10:09:01
4686000000,전라남도 함평군,17,252007,2026-04-05 00:00:00,100,35.0582160900,126.5268859900,173,58,,GPS,2026-04-05 20:43:03
4686000000,전라남도 함평군,17,252008,2026-03-19 00:00:00,100,35.0542450000,126.5291976900,144,52,,,2026-03-19 06:01:01
4686000000,전라남도 함평군,18,251016,2026-04-03 00:00:00,100,35.0621109000,126.5234298700,253,0,,GPS,2026-04-03 07:47:06
4686000000,전라남도 함평군,18,251032,2026-04-05 00:00:00,100,35.0619659400,126.5234375000,245,0,,GPS,2026-04-05 19:10:02
4686000000,전라남도 함평군,18,252000,2026-04-04 00:00:00,100,35.0620498700,126.5235290500,356,0,,GPS,2026-04-04 19:10:02
4686000000,전라남도 함평군,18,252001,2026-03-30 00:00:00,100,35.0620651200,126.5234527600,53,20,,GPS,2026-03-30 18:44:02
4686000000,전라남도 함평군,18,252002,2026-03-31 00:00:00,100,35.0621109000,126.5235595700,245,0,,GPS,2026-03-31 18:59:01
4686000000,전라남도 함평군,18,252005,2026-04-04 00:00:00,100,35.0521316500,126.5309295700,131,0,,GPS,2026-04-04 12:09:01
4686000000,전라남도 함평군,18,252006,2026-04-06 00:00:00,100,35.0666465800,126.5261001600,249,31,,GPS,2026-04-06 15:24:01
4686000000,전라남도 함평군,18,252007,2026-03-30 00:00:00,100,35.0621528600,126.5235137900,157,0,,GPS,2026-03-30 19:00:03
4686000000,전라남도 함평군,18,252008,2026-03-24 00:00:00,100,35.0620842000,126.5233001700,146,0,,,2026-03-24 16:01:01
4686000000,전라남도 함평군,19,251032,2026-04-06 00:00:00,100,35.0621299700,126.5234603900,189,57,,GPS,2026-04-06 11:15:01
4686000000,전라남도 함평군,19,252000,2026-04-06 00:00:00,100,35.0886497500,126.4956054700,318,0,,GPS,2026-04-06 16:11:01
4686000000,전라남도 함평군,19,252002,2026-04-01 00:00:00,100,35.0620422400,126.5234451300,24,66,,GPS,2026-04-01 16:00:02
4686000000,전라남도 함평군,19,252007,2026-04-04 00:00:00,100,35.0621032700,126.5235366800,124,48,,GPS,2026-04-04 11:11:01
4686000000,전라남도 함평군,19,252008,2026-03-16 00:00:00,100,35.0863952600,126.4989700300,31,71,,,2026-03-16 11:23:01
4686000000,전라남도 함평군,2,251016,2026-04-04 00:00:00,100,35.0621109000,126.5234832800,242,0,,GPS,2026-04-04 11:34:01
4686000000,전라남도 함평군,2,252001,2026-04-03 00:00:00,100,35.0621643100,126.5234527600,201,15,,GPS,2026-04-03 06:19:05
4686000000,전라남도 함평군,2,252003,2026-03-20 00:00:00,100,35.0579795800,126.5796432500,75,49,,,2026-03-20 14:45:02
4686000000,전라남도 함평군,2,252005,2026-03-31 00:00:00,100,35.0621986400,126.5234603900,258,0,,GPS,2026-03-31 18:47:01
4686000000,전라남도 함평군,2,252006,2026-04-05 00:00:00,100,35.0621070900,126.5236129800,338,24,,GPS,2026-04-05 11:37:01
4686000000,전라남도 함평군,20,251032,2026-04-01 00:00:00,100,35.0622863800,126.5234375000,87,50,,GPS,2026-04-01 18:10:06
4686000000,전라남도 함평군,20,252000,2026-04-05 00:00:00,100,35.0621223400,126.5235519400,112,41,,GPS,2026-04-05 18:11:01
4686000000,전라남도 함평군,20,252002,2026-03-30 00:00:00,100,0E-10,0E-10,358,45,,GPS,2026-03-30 18:10:02
4686000000,전라남도 함평군,20,252007,2026-04-04 00:00:00,100,35.0782280000,126.5044555700,320,19,,GPS,2026-04-04 18:17:01
4686000000,전라남도 함평군,21,251032,2026-04-05 00:00:00,100,35.0621147200,126.5236434900,321,53,,GPS,2026-04-05 11:15:02
4686000000,전라남도 함평군,21,252000,2026-04-04 00:00:00,100,35.0623207100,126.5230712900,298,44,,GPS,2026-04-04 11:17:01
4686000000,전라남도 함평군,21,252002,2026-04-06 00:00:00,100,35.0619697600,126.5237045300,111,61,,GPS,2026-04-06 16:35:01
4686000000,전라남도 함평군,21,252005,2026-03-28 00:00:00,100,35.0621299700,126.5232696500,340,41,,GPS,2026-03-28 16:13:01
4686000000,전라남도 함평군,21,252007,2026-04-01 00:00:00,100,35.0243377700,126.5389099100,215,43,,GPS,2026-04-01 16:45:01
4686000000,전라남도 함평군,21,252008,2026-03-25 00:00:00,100,35.0620231600,126.5233154300,330,45,,,2026-03-25 16:35:02
4686000000,전라남도 함평군,22,251032,2026-04-05 00:00:00,100,35.0620079000,126.5236282300,149,59,,GPS,2026-04-05 08:35:01
4686000000,전라남도 함평군,22,252000,2026-04-04 00:00:00,100,35.0623207100,126.5236434900,42,47,,GPS,2026-04-04 08:37:01
4686000000,전라남도 함평군,22,252002,2026-04-06 00:00:00,100,0E-10,0E-10,0,80,,GPS,2026-04-06 08:34:01
4686000000,전라남도 함평군,22,252007,2026-04-01 00:00:00,100,35.0621109000,126.5234756500,138,52,,GPS,2026-04-01 08:35:01
4686000000,전라남도 함평군,22,252008,2026-03-19 00:00:00,100,35.0633850100,126.5223007200,329,50,,,2026-03-19 08:37:01
4686000000,전라남도 함평군,24,251032,2026-04-03 00:00:00,100,35.0620079000,126.5237274200,0,43,,GPS,2026-04-03 18:38:01
4686000000,전라남도 함평군,24,252000,2026-04-03 00:00:00,100,35.0641021700,126.5217437700,322,43,,GPS,2026-04-03 14:42:01
4686000000,전라남도 함평군,24,252001,2026-04-06 00:00:00,100,35.0621032700,126.5234527600,245,42,,GPS,2026-04-06 15:09:01
4686000000,전라남도 함평군,24,252002,2026-04-06 00:00:00,100,35.0621299700,126.5234451300,127,35,,GPS,2026-04-06 14:41:03
4686000000,전라남도 함평군,24,252005,2026-03-14 00:00:00,100,35.0622520400,126.5237579300,165,52,,,2026-03-14 18:30:02
4686000000,전라남도 함평군,24,252006,2026-03-28 00:00:00,100,35.0619812000,126.5237197900,182,30,,GPS,2026-03-28 18:30:02
4686000000,전라남도 함평군,24,252007,2026-04-05 00:00:00,100,35.0536575300,126.5295562700,148,51,,GPS,2026-04-05 14:49:02
4686000000,전라남도 함평군,24,252008,2026-03-25 00:00:00,100,35.0622215300,126.5235366800,151,45,,,2026-03-25 14:39:01
4686000000,전라남도 함평군,25,251016,2026-03-30 00:00:00,100,35.0621643100,126.5235366800,327,57,,GPS,2026-03-30 07:27:03
4686000000,전라남도 함평군,25,251032,2026-04-06 00:00:00,100,35.0620575000,126.5237960800,169,39,,GPS,2026-04-06 16:37:01
4686000000,전라남도 함평군,25,252000,2026-04-04 00:00:00,100,35.0620231600,126.5235061600,254,42,,GPS,2026-04-04 17:05:02
4686000000,전라남도 함평군,25,252001,2026-04-03 00:00:00,100,35.0620803800,126.5235137900,248,58,,GPS,2026-04-03 07:24:05
4686000000,전라남도 함평군,25,252002,2026-04-06 00:00:00,100,35.0618667600,126.5233154300,243,32,,GPS,2026-04-06 13:15:02
4686000000,전라남도 함평군,25,252005,2026-04-06 00:00:00,100,35.0513954200,126.5499725300,135,0,,GPS,2026-04-06 07:30:02
4686000000,전라남도 함평군,25,252006,2026-03-31 00:00:00,100,35.0620994600,126.5234756500,118,54,,GPS,2026-03-31 07:24:01
4686000000,전라남도 함평군,25,252007,2026-04-05 00:00:00,100,35.0620079000,126.5235137900,204,52,,GPS,2026-04-05 13:14:01
4686000000,전라남도 함평군,25,252008,2026-04-01 00:00:00,100,35.0621986400,126.5234375000,98,44,,GPS,2026-04-01 09:04:01
4686000000,전라남도 함평군,26,251032,2026-04-03 00:00:00,100,35.0629272500,126.5226440400,331,42,,GPS,2026-04-03 17:16:01
4686000000,전라남도 함평군,26,252000,2026-04-06 00:00:00,100,35.1452484100,126.4642105100,97,58,,GPS,2026-04-06 16:37:01
4686000000,전라남도 함평군,26,252002,2026-04-01 00:00:00,100,35.0622139000,126.5230026200,174,0,,GPS,2026-04-01 17:10:03
4686000000,전라남도 함평군,26,252007,2026-04-05 00:00:00,100,35.0622139000,126.5235519400,253,47,,GPS,2026-04-05 18:40:02
4686000000,전라남도 함평군,28,251016,2026-04-04 00:00:00,100,35.0621528600,126.5234832800,248,0,,GPS,2026-04-04 18:59:01
4686000000,전라남도 함평군,28,252001,2026-04-03 00:00:00,100,35.0620231600,126.5236740100,149,41,,GPS,2026-04-03 19:29:01
4686000000,전라남도 함평군,28,252005,2026-04-01 00:00:00,100,35.0621337900,126.5234375000,251,0,,GPS,2026-04-01 19:31:01
4686000000,전라남도 함평군,28,252006,2026-04-05 00:00:00,100,35.0623626700,126.5229110700,154,0,,GPS,2026-04-05 19:00:02
4686000000,전라남도 함평군,28,252008,2026-03-23 00:00:00,100,35.0543098400,126.5292663600,308,0,,,2026-03-23 19:42:14
4686000000,전라남도 함평군,29,251016,2026-04-04 00:00:00,100,35.0621299700,126.5234527600,250,63,,GPS,2026-04-04 09:25:02
4686000000,전라남도 함평군,29,251032,2026-03-30 00:00:00,100,35.0621223400,126.5235290500,19,49,,GPS,2026-03-30 12:05:01
4686000000,전라남도 함평군,29,252000,2026-04-06 00:00:00,100,35.0622825600,126.5234680200,25,62,,GPS,2026-04-06 06:25:01
4686000000,전라남도 함평군,29,252001,2026-04-04 00:00:00,100,35.0622901900,126.5234832800,44,71,,GPS,2026-04-04 08:20:02
4686000000,전라남도 함평군,29,252005,2026-04-02 00:00:00,100,35.0620498700,126.5234832800,0,79,,GPS,2026-04-02 13:50:15
4686000000,전라남도 함평군,29,252006,2026-04-06 00:00:00,100,35.0621032700,126.5234527600,247,62,,GPS,2026-04-06 12:40:03
4686000000,전라남도 함평군,29,252007,2026-04-05 00:00:00,100,35.0621643100,126.5235672000,45,53,,GPS,2026-04-05 06:20:02
4686000000,전라남도 함평군,29,252008,2026-03-24 00:00:00,100,35.0620803800,126.5235137900,116,73,,,2026-03-24 12:41:02
4686000000,전라남도 함평군,30,251032,2026-04-06 00:00:00,100,35.0621261600,126.5234756500,337,41,,GPS,2026-04-06 09:24:01
4686000000,전라남도 함평군,30,252000,2026-04-05 00:00:00,100,35.0611610400,126.5235748300,158,58,,GPS,2026-04-05 09:27:01
4686000000,전라남도 함평군,30,252002,2026-03-31 00:00:00,100,0E-10,0E-10,0,27,,GPS,2026-03-31 09:25:01
4686000000,전라남도 함평군,30,252007,2026-03-30 00:00:00,100,35.0619926500,126.5234909100,195,53,,GPS,2026-03-30 09:25:02
4686000000,전라남도 함평군,30,252008,2026-03-16 00:00:00,100,35.0622787500,126.5234069800,2,64,,,2026-03-16 09:26:01
4686000000,전라남도 함평군,32,251016,2026-03-27 00:00:00,100,35.0663108800,126.5252761800,71,40,,GPS,2026-03-27 10:54:01
4686000000,전라남도 함평군,32,252005,2026-04-03 00:00:00,100,35.0620460500,126.5237426800,141,0,,GPS,2026-04-03 08:42:00
4686000000,전라남도 함평군,32,252006,2026-03-18 00:00:00,100,35.0620231600,126.5236282300,137,0,,,2026-03-18 08:44:01
4686000000,전라남도 함평군,33,251016,2026-04-04 00:00:00,100,35.0621070900,126.5235061600,253,73,,GPS,2026-04-04 16:56:01
4686000000,전라남도 함평군,33,251032,2026-04-05 00:00:00,100,35.0621566800,126.5234603900,26,72,,GPS,2026-04-05 14:15:01
4686000000,전라남도 함평군,33,252000,2026-04-04 00:00:00,100,35.0622978200,126.5234909100,81,36,,GPS,2026-04-04 15:19:01
4686000000,전라남도 함평군,33,252001,2026-03-24 00:00:00,100,35.0621643100,126.5235595700,0,62,,,2026-03-24 16:55:00
4686000000,전라남도 함평군,33,252002,2026-03-15 00:00:00,100,0E-10,0E-10,239,0,,,2026-03-15 14:14:00
4686000000,전라남도 함평군,33,252003,2026-04-01 00:00:00,100,35.0141220100,126.5175933800,184,28,,GPS,2026-04-06 16:37:01
4686000000,전라남도 함평군,33,252005,2026-04-06 00:00:00,100,35.0619621300,126.5234985400,245,56,,GPS,2026-04-06 14:18:00
4686000000,전라남도 함평군,33,252006,2026-04-06 00:00:00,100,35.0524673500,126.5305252100,139,63,,GPS,2026-04-06 10:15:01
4686000000,전라남도 함평군,33,252007,2026-03-29 00:00:00,100,35.0621757500,126.5234832800,326,74,,GPS,2026-03-29 14:16:02
4686000000,전라남도 함평군,33,252008,2026-04-01 00:00:00,100,35.0621948200,126.5234756500,84,57,,GPS,2026-04-01 10:12:00
4686000000,전라남도 함평군,34,251016,2026-03-30 00:00:00,100,35.0620918300,126.5234527600,247,32,,GPS,2026-03-30 11:21:02
4686000000,전라남도 함평군,34,251032,2026-04-01 00:00:00,100,35.0621490500,126.5234603900,141,44,,GPS,2026-04-01 14:29:01
4686000000,전라남도 함평군,34,252000,2026-04-05 00:00:00,100,35.0621757500,126.5235137900,241,49,,GPS,2026-04-05 14:30:04
4686000000,전라남도 함평군,34,252001,2026-04-03 00:00:00,100,35.0621147200,126.5234451300,198,56,,GPS,2026-04-03 17:59:01
4686000000,전라남도 함평군,34,252002,2026-03-30 00:00:00,100,0E-10,0E-10,167,31,,GPS,2026-03-30 14:29:01
4686000000,전라남도 함평군,34,252005,2026-04-06 00:00:00,100,35.0621109000,126.5234832800,171,19,,GPS,2026-04-06 10:59:01
4686000000,전라남도 함평군,34,252006,2026-03-31 00:00:00,100,35.0536994900,126.5294723500,137,58,,GPS,2026-03-31 11:04:01
4686000000,전라남도 함평군,34,252007,2026-04-04 00:00:00,100,35.0621261600,126.5236511200,139,44,,GPS,2026-04-04 14:30:02
4686000000,전라남도 함평군,34,252008,2026-04-06 00:00:00,100,35.0622100800,126.5234680200,290,47,,GPS,2026-04-06 14:30:02
4686000000,전라남도 함평군,35,251016,2026-03-31 00:00:00,100,35.0621490500,126.5234375000,0,0,,GPS,2026-03-31 17:25:01
4686000000,전라남도 함평군,35,252001,2026-04-05 00:00:00,100,35.0621948200,126.5232620200,60,49,,GPS,2026-04-05 12:59:01
4686000000,전라남도 함평군,35,252005,2026-04-06 00:00:00,100,35.0623588600,126.5229263300,146,31,,GPS,2026-04-06 09:18:01
4686000000,전라남도 함평군,35,252006,2026-04-06 00:00:00,100,35.0429763800,126.5157775900,23,32,,GPS,2026-04-06 16:37:01
4686000000,전라남도 함평군,35,252008,2026-03-24 00:00:00,100,35.0547294600,126.5286483800,145,40,,,2026-03-24 18:02:01
4686000000,전라남도 함평군,37,251032,2026-04-06 00:00:00,100,35.0620117200,126.5233840900,25,69,,GPS,2026-04-06 06:19:01
4686000000,전라남도 함평군,37,252000,2026-03-17 00:00:00,100,35.0557289100,126.5277938800,145,57,,,2026-03-17 06:24:01
4686000000,전라남도 함평군,37,252002,2026-03-31 00:00:00,100,0E-10,0E-10,0,59,,GPS,2026-03-31 06:20:03
4686000000,전라남도 함평군,37,252007,2026-04-04 00:00:00,100,35.0450973500,126.5338592500,181,67,,GPS,2026-04-04 09:30:02
4686000000,전라남도 함평군,38,251032,2026-04-05 00:00:00,100,35.0621261600,126.5234527600,105,55,,GPS,2026-04-05 10:00:02
4686000000,전라남도 함평군,38,252000,2026-04-04 00:00:00,100,35.0632095300,126.5224304200,329,41,,GPS,2026-04-04 10:03:01
4686000000,전라남도 함평군,38,252002,2026-04-06 00:00:00,100,0E-10,0E-10,0,80,,GPS,2026-04-06 10:00:02
4686000000,전라남도 함평군,38,252007,2026-04-01 00:00:00,100,35.0621414200,126.5235977200,107,50,,GPS,2026-04-01 09:59:01
4686000000,전라남도 함평군,38,252008,2026-03-25 00:00:00,100,35.0621757500,126.5234451300,271,47,,,2026-03-25 09:59:01
4686000000,전라남도 함평군,4,251016,2026-04-04 00:00:00,100,35.0566024800,126.5426025400,127,0,,GPS,2026-04-04 07:28:01
4686000000,전라남도 함평군,4,251032,2026-04-01 00:00:00,100,35.0620575000,126.5234832800,170,0,,GPS,2026-04-01 16:35:00
4686000000,전라남도 함평군,4,252000,2026-04-05 00:00:00,100,35.0621490500,126.5234832800,240,0,,GPS,2026-04-05 16:35:01
4686000000,전라남도 함평군,4,252002,2026-04-02 00:00:00,100,35.0646553000,126.5276794400,50,35,,GPS,2026-04-02 19:11:07
4686000000,전라남도 함평군,4,252005,2026-04-04 00:00:00,100,35.0621490500,126.5234298700,12,0,,GPS,2026-04-04 18:58:01
4686000000,전라남도 함평군,4,252006,2026-04-03 00:00:00,100,35.0619964600,126.5238037100,227,58,,GPS,2026-04-03 06:09:05
4686000000,전라남도 함평군,4,252007,2026-04-04 00:00:00,100,35.0621185300,126.5236663800,85,15,,GPS,2026-04-04 16:35:01
4686000000,전라남도 함평군,4,252008,2026-04-06 00:00:00,100,35.0644302400,126.5272827100,147,15,,GPS,2026-04-06 15:45:01
4686000000,전라남도 함평군,40,251032,2026-04-05 00:00:00,100,35.0621299700,126.5236053500,68,76,,GPS,2026-04-05 18:22:01
4686000000,전라남도 함평군,40,252000,2026-04-06 00:00:00,100,35.0621070900,126.5231018100,159,51,,GPS,2026-04-06 14:17:01
4686000000,전라남도 함평군,40,252002,2026-04-01 00:00:00,100,35.0027694700,126.5734787000,153,69,,GPS,2026-04-01 14:44:01
4686000000,전라남도 함평군,40,252005,2026-04-04 00:00:00,100,35.0620842000,126.5234832800,31,68,,GPS,2026-04-04 13:20:02
4686000000,전라남도 함평군,40,252006,2026-03-29 00:00:00,100,35.0599441500,126.5241546600,152,53,,GPS,2026-03-29 13:22:01
4686000000,전라남도 함평군,40,252007,2026-04-06 00:00:00,100,35.0621147200,126.5235748300,140,37,,GPS,2026-04-06 09:37:02
4686000000,전라남도 함평군,41,251016,2026-04-04 00:00:00,100,35.0620842000,126.5234680200,262,68,,GPS,2026-04-04 15:40:04
4686000000,전라남도 함평군,41,252001,2026-04-02 00:00:00,100,35.0621604900,126.5237045300,198,55,,GPS,2026-04-02 18:08:01
4686000000,전라남도 함평군,41,252005,2026-03-31 00:00:00,100,35.0620117200,126.5236816400,148,60,,GPS,2026-03-31 14:05:01
4686000000,전라남도 함평군,41,252006,2026-04-05 00:00:00,100,35.0623817400,126.5234909100,84,66,,GPS,2026-04-05 14:05:01
4686000000,전라남도 함평군,43,251000,2026-04-03 00:00:00,500,35.1618766800,126.8780059800,69,13,,GPS,2026-04-03 10:29:01
4686000000,전라남도 함평군,43,251005,2026-04-04 00:00:00,500,35.1616783100,126.8816299400,188,0,,GPS,2026-04-04 08:33:00
4686000000,전라남도 함평군,43,251006,2026-04-05 00:00:00,500,35.1614952100,126.8794708300,93,0,,GPS,2026-04-05 19:47:00
4686000000,전라남도 함평군,43,251007,2026-04-04 00:00:00,500,35.1616554300,126.8822326700,256,0,,GPS,2026-04-04 16:42:01
4686000000,전라남도 함평군,43,251008,2026-04-03 00:00:00,500,35.1619148300,126.8762664800,242,38,,GPS,2026-04-03 07:56:02
4686000000,전라남도 함평군,43,251012,2026-03-31 00:00:00,500,35.1616783100,126.8814086900,282,33,,GPS,2026-03-31 06:45:05
4686000000,전라남도 함평군,43,251019,2026-04-06 00:00:00,500,35.1614379900,126.8820571900,297,0,,GPS,2026-04-06 10:15:01
4686000000,전라남도 함평군,43,251020,2026-03-30 00:00:00,500,35.1615448000,126.8817977900,242,0,,GPS,2026-03-30 13:13:01
4686000000,전라남도 함평군,43,251021,2026-04-06 00:00:00,500,35.1579322800,126.8768844600,177,0,,GPS,2026-04-06 12:22:01
4686000000,전라남도 함평군,43,251023,2026-04-06 00:00:00,500,35.1617279100,126.8820877100,56,0,,GPS,2026-04-06 12:58:01
4686000000,전라남도 함평군,43,251025,2026-04-02 00:00:00,500,35.1502418500,126.8564147900,222,26,,GPS,2026-04-02 18:53:02
4686000000,전라남도 함평군,43,251027,2026-04-01 00:00:00,500,35.1534919700,126.8766937300,10,36,,GPS,2026-04-01 15:44:00
4686000000,전라남도 함평군,43,251029,2026-03-24 00:00:00,500,35.1489410400,126.7701263400,101,24,,,2026-03-24 18:02:01
4686000000,전라남도 함평군,43,251030,2026-04-06 00:00:00,500,35.1616516100,126.8819351200,257,0,,GPS,2026-04-06 13:27:01
4686000000,전라남도 함평군,43,251036,2026-04-05 00:00:00,500,35.1626129200,126.8829727200,13,56,,GPS,2026-04-05 13:15:01
4686000000,전라남도 함평군,43,251037,2026-04-06 00:00:00,500,35.1597900400,126.8769226100,206,26,,GPS,2026-04-06 16:13:01
4686000000,전라남도 함평군,43,251038,2026-04-03 00:00:00,500,35.1439437900,126.7914505000,124,9,,GPS,2026-04-03 15:22:01
4686000000,전라남도 함평군,43,251039,2026-04-05 00:00:00,500,35.1615638700,126.8793411300,105,39,,GPS,2026-04-05 20:29:01
4686000000,전라남도 함평군,43,251040,2026-04-05 00:00:00,500,35.1617240900,126.8822326700,100,0,,GPS,2026-04-05 18:08:01
4686000000,전라남도 함평군,43,251043,2026-04-05 00:00:00,500,35.1658515900,126.8496933000,105,36,,GPS,2026-04-05 12:47:01
4686000000,전라남도 함평군,43,251045,2026-04-05 00:00:00,500,35.1618881200,126.8823471100,252,0,,GPS,2026-04-05 16:06:01
4686000000,전라남도 함평군,43,251046,2026-04-04 00:00:00,500,35.1613121000,126.8793945300,70,0,,GPS,2026-04-04 18:13:01
4686000000,전라남도 함평군,44,251000,2026-04-03 00:00:00,500,35.0624160800,126.5230102500,152,0,,GPS,2026-04-03 08:39:10
4686000000,전라남도 함평군,44,251001,2026-04-02 00:00:00,500,35.0621337900,126.5236663800,170,0,,GPS,2026-04-02 17:11:01
4686000000,전라남도 함평군,44,251005,2026-04-01 00:00:00,500,35.0623359700,126.5236206100,78,0,,GPS,2026-04-01 15:26:01
4686000000,전라남도 함평군,44,251006,2026-04-05 00:00:00,500,35.0621681200,126.5236129800,154,0,,GPS,2026-04-05 15:28:01
4686000000,전라남도 함평군,44,251007,2026-04-01 00:00:00,500,35.0621871900,126.5235214200,258,0,,GPS,2026-04-01 19:19:01
4686000000,전라남도 함평군,44,251008,2026-04-06 00:00:00,500,35.0620460500,126.5238723800,164,18,,GPS,2026-04-06 15:26:01
4686000000,전라남도 함평군,44,251012,2026-03-31 00:00:00,500,35.0621109000,126.5236434900,162,0,,GPS,2026-03-31 17:36:01
4686000000,전라남도 함평군,44,251019,2026-04-06 00:00:00,500,35.0621757500,126.5235595700,222,14,,GPS,2026-04-06 08:49:01
4686000000,전라남도 함평군,44,251020,2026-03-25 00:00:00,500,35.0621528600,126.5237350500,151,0,,,2026-03-25 15:29:01
4686000000,전라남도 함평군,44,251021,2026-04-04 00:00:00,500,35.0621910100,126.5237426800,9,0,,GPS,2026-04-04 17:31:00
4686000000,전라남도 함평군,44,251023,2026-04-03 00:00:00,500,35.0620727500,126.5238037100,109,0,,GPS,2026-04-03 14:01:01
4686000000,전라남도 함평군,44,251025,2026-03-29 00:00:00,500,35.0623626700,126.5239486700,108,59,,GPS,2026-03-29 08:43:01
4686000000,전라남도 함평군,44,251027,2026-04-05 00:00:00,500,35.0621833800,126.5235748300,320,0,,GPS,2026-04-05 14:08:01
4686000000,전라남도 함평군,44,251029,2026-03-23 00:00:00,500,35.1189270000,126.6214294400,194,78,,,2026-03-23 19:42:14
4686000000,전라남도 함평군,44,251030,2026-03-26 00:00:00,500,35.0624275200,126.5229797400,105,0,,GPS,2026-03-26 20:14:00
4686000000,전라남도 함평군,44,251036,2026-03-23 00:00:00,500,35.0621871900,126.5237426800,196,5,,,2026-03-23 15:29:01
4686000000,전라남도 함평군,44,251037,2026-04-05 00:00:00,500,35.0621490500,126.5235290500,163,19,,GPS,2026-04-05 19:53:01
4686000000,전라남도 함평군,44,251038,2026-04-01 00:00:00,500,35.0621337900,126.5233993500,257,30,,GPS,2026-04-01 20:41:01
4686000000,전라남도 함평군,44,251039,2026-04-06 00:00:00,500,35.1586799600,126.7159118700,264,17,,GPS,2026-04-06 16:37:01
4686000000,전라남도 함평군,44,251040,2026-04-04 00:00:00,500,35.0620651200,126.5236434900,133,0,,GPS,2026-04-04 20:03:01
4686000000,전라남도 함평군,44,251043,2026-03-30 00:00:00,500,35.0621452300,126.5236358600,165,0,,GPS,2026-03-30 20:30:06
4686000000,전라남도 함평군,44,251045,2026-04-04 00:00:00,500,35.0622253400,126.5238952600,71,0,,GPS,2026-04-04 19:07:00
4686000000,전라남도 함평군,44,251046,2026-04-02 00:00:00,500,35.0621871900,126.5235366800,346,0,,GPS,2026-04-02 20:41:01
4686000000,전라남도 함평군,45,251000,2026-03-27 00:00:00,500,35.0623855600,126.5229568500,155,29,,GPS,2026-03-27 07:29:01
4686000000,전라남도 함평군,45,251007,2026-04-06 00:00:00,500,35.0621261600,126.5236663800,185,0,,GPS,2026-04-06 07:37:01
4686000000,전라남도 함평군,45,251019,2026-03-29 00:00:00,500,35.0620803800,126.5236663800,346,21,,GPS,2026-03-29 07:34:01
4686000000,전라남도 함평군,45,251021,2026-03-30 00:00:00,500,35.0622062700,126.5237503100,27,0,,GPS,2026-03-30 07:58:01
4686000000,전라남도 함평군,45,251023,2026-04-03 00:00:00,500,35.0621681200,126.5236358600,159,0,,GPS,2026-04-03 07:53:00
4686000000,전라남도 함평군,45,251025,2026-03-20 00:00:00,500,35.0620536800,126.5237960800,206,55,,,2026-03-20 07:48:01
4686000000,전라남도 함평군,45,251027,2026-04-05 00:00:00,500,35.0666618300,126.5260696400,254,29,,GPS,2026-04-05 07:28:01
4686000000,전라남도 함평군,45,251029,2026-03-15 00:00:00,500,0E-10,0E-10,89,53,,,2026-03-15 07:35:01
4686000000,전라남도 함평군,45,251038,2026-03-17 00:00:00,500,35.0621452300,126.5234985400,96,24,,,2026-03-17 08:01:01
4686000000,전라남도 함평군,45,251039,2026-04-02 00:00:00,500,35.0622787500,126.5237579300,27,33,,GPS,2026-04-02 07:39:02
4686000000,전라남도 함평군,45,251046,2026-03-14 00:00:00,500,35.0621452300,126.5236053500,137,0,,,2026-03-14 07:52:01
4686000000,전라남도 함평군,46,251000,2026-04-02 00:00:00,500,35.0624008200,126.5237655600,131,33,,GPS,2026-04-02 19:42:02
4686000000,전라남도 함평군,46,251001,2026-04-02 00:00:00,500,35.0621528600,126.5237350500,159,46,,GPS,2026-04-02 18:23:03
4686000000,전라남도 함평군,46,251005,2026-04-05 00:00:00,500,35.0622444200,126.5231781000,185,65,,GPS,2026-04-05 07:21:02
4686000000,전라남도 함평군,46,251006,2026-04-05 00:00:00,500,35.0635147100,126.5220718400,319,40,,GPS,2026-04-05 18:13:01
4686000000,전라남도 함평군,46,251007,2026-04-06 00:00:00,500,35.0621414200,126.5235748300,172,53,,GPS,2026-04-06 08:41:01
4686000000,전라남도 함평군,46,251008,2026-04-06 00:00:00,500,35.0852012600,126.4389190700,250,0,,GPS,2026-04-06 10:16:01
4686000000,전라남도 함평군,46,251012,2026-03-31 00:00:00,500,35.0621871900,126.5235748300,302,43,,GPS,2026-03-31 18:31:00
4686000000,전라남도 함평군,46,251019,2026-04-03 00:00:00,500,35.0619201700,126.5236892700,188,62,,GPS,2026-04-03 18:21:01
4686000000,전라남도 함평군,46,251020,2026-03-31 00:00:00,500,35.0621490500,126.5236892700,271,0,,GPS,2026-03-31 07:10:02
4686000000,전라남도 함평군,46,251021,2026-04-06 00:00:00,500,35.0621376000,126.5237121600,194,53,,GPS,2026-04-06 10:02:00
4686000000,전라남도 함평군,46,251023,2026-04-05 00:00:00,500,35.0621757500,126.5234451300,288,57,,GPS,2026-04-05 19:08:01
4686000000,전라남도 함평군,46,251025,2026-03-27 00:00:00,500,0E-10,0E-10,42,0,,GPS,2026-03-27 19:44:01
4686000000,전라남도 함평군,46,251027,2026-04-05 00:00:00,500,35.0622139000,126.5235748300,84,30,,GPS,2026-04-05 08:48:01
4686000000,전라남도 함평군,46,251029,2026-03-20 00:00:00,500,0E-10,0E-10,244,28,,,2026-03-20 18:16:01
4686000000,전라남도 함평군,46,251030,2026-04-03 00:00:00,500,35.0621871900,126.5236053500,154,36,,GPS,2026-04-03 18:47:00
4686000000,전라남도 함평군,46,251036,2026-03-23 00:00:00,500,35.0620193500,126.5220794700,160,45,,,2026-03-23 17:33:01
4686000000,전라남도 함평군,46,251037,2026-03-26 00:00:00,500,35.0626335100,126.5233154300,57,65,,GPS,2026-03-26 18:43:01
4686000000,전라남도 함평군,46,251038,2026-03-30 00:00:00,500,35.0633888200,126.5222396900,328,53,,GPS,2026-03-30 20:11:01
4686000000,전라남도 함평군,46,251039,2026-04-06 00:00:00,500,35.0644302400,126.5212402300,166,51,,GPS,2026-04-06 13:43:01
4686000000,전라남도 함평군,46,251040,2026-03-19 00:00:00,500,35.0622711200,126.5236129800,156,47,,,2026-03-19 19:21:01
4686000000,전라남도 함평군,46,251043,2026-04-04 00:00:00,500,35.0621871900,126.5234985400,234,36,,GPS,2026-04-04 19:04:01
4686000000,전라남도 함평군,46,251045,2026-03-28 00:00:00,500,35.0650138900,126.5205917400,93,48,,GPS,2026-03-28 18:12:03
4686000000,전라남도 함평군,46,251046,2026-04-03 00:00:00,500,35.0623397800,126.5237808200,169,36,,GPS,2026-04-03 19:45:01
4686000000,전라남도 함평군,49,251000,2026-03-31 00:00:00,500,35.1596336400,126.8770828200,307,0,,GPS,2026-03-31 17:43:01
4686000000,전라남도 함평군,49,251003,2026-02-25 00:00:00,500,35.1785469100,126.6045913700,237,28,,GPS,2026-04-06 16:37:01
4686000000,전라남도 함평군,49,251007,2026-04-01 00:00:00,500,35.1614303600,126.8816986100,269,0,,GPS,2026-04-01 17:31:01
4686000000,전라남도 함평군,49,251012,2026-03-30 00:00:00,500,35.1614494300,126.8821563700,88,0,,GPS,2026-03-30 17:34:01
4686000000,전라남도 함평군,49,251019,2026-03-13 00:00:00,500,35.1619606000,126.8816375700,330,53,,,2026-03-13 17:37:01
4686000000,전라남도 함평군,49,251021,2026-04-03 00:00:00,500,35.1598548900,126.8770294200,190,0,,GPS,2026-04-03 17:43:01
4686000000,전라남도 함평군,49,251023,2026-03-31 00:00:00,500,35.1617202800,126.8816680900,270,34,,GPS,2026-03-31 05:29:02
4686000000,전라남도 함평군,49,251025,2026-04-02 00:00:00,500,0E-10,0E-10,170,56,,GPS,2026-04-02 11:00:02
4686000000,전라남도 함평군,49,251027,2026-04-02 00:00:00,500,35.1618003800,126.8820190400,269,27,,GPS,2026-04-02 04:58:02
4686000000,전라남도 함평군,49,251029,2026-03-26 00:00:00,500,0E-10,0E-10,0,37,,,2026-03-26 05:15:06
4686000000,전라남도 함평군,49,251030,2026-04-06 00:00:00,500,35.1637039200,126.6932449300,100,66,,GPS,2026-04-06 16:37:01
4686000000,전라남도 함평군,49,251037,2026-04-06 00:00:00,500,35.1439056400,126.8028259300,250,11,,GPS,2026-04-06 16:37:01
4686000000,전라남도 함평군,49,251038,2026-04-03 00:00:00,500,35.1543121300,126.8768158000,355,8,,GPS,2026-04-03 19:19:01
4686000000,전라남도 함평군,49,251039,2026-04-05 00:00:00,500,35.1615295400,126.8768768300,188,0,,GPS,2026-04-05 17:42:01
4686000000,전라남도 함평군,49,251040,2026-04-05 00:00:00,500,35.1616439800,126.8823852500,262,22,,GPS,2026-04-05 10:59:01
4686000000,전라남도 함평군,49,251043,2026-03-20 00:00:00,500,35.1630706800,126.8498230000,198,14,,,2026-03-20 20:29:04
4686000000,전라남도 함평군,49,251045,2026-04-06 00:00:00,500,0E-10,0E-10,82,39,,GPS,2026-04-06 05:24:01
4686000000,전라남도 함평군,49,251046,2026-04-04 00:00:00,500,35.1614379900,126.8817825300,275,21,,GPS,2026-04-04 11:02:01
4686000000,전라남도 함평군,5,251016,2026-04-03 00:00:00,100,35.0621109000,126.5234375000,237,27,,GPS,2026-04-03 06:39:07
4686000000,전라남도 함평군,5,251032,2026-04-03 00:00:00,100,35.0621604900,126.5234222400,242,0,,GPS,2026-04-03 07:49:16
4686000000,전라남도 함평군,5,252000,2026-04-06 00:00:00,100,35.0622062700,126.5235748300,327,0,,GPS,2026-04-06 07:50:02
4686000000,전라남도 함평군,5,252001,2026-03-31 00:00:00,100,35.0620460500,126.5233993500,339,82,,GPS,2026-03-31 08:44:02
4686000000,전라남도 함평군,5,252002,2026-04-01 00:00:00,100,35.0624160800,126.5230865500,274,0,,GPS,2026-04-01 07:50:03
4686000000,전라남도 함평군,5,252005,2026-04-03 00:00:00,100,35.1030998200,126.5172195400,25,35,,GPS,2026-04-03 06:29:05
4686000000,전라남도 함평군,5,252006,2026-04-05 00:00:00,100,35.0621185300,126.5234069800,300,31,,GPS,2026-04-05 07:28:01
4686000000,전라남도 함평군,50,251000,2026-03-16 00:00:00,500,35.2307090800,126.6467742900,357,0,,,2026-03-16 16:04:01
4686000000,전라남도 함평군,50,251005,2026-04-05 00:00:00,500,35.2338256800,126.6473159800,15,0,,GPS,2026-04-05 10:46:01
4686000000,전라남도 함평군,50,251006,2026-04-03 00:00:00,500,35.1631317100,126.8498687700,204,0,,GPS,2026-04-03 14:30:03
4686000000,전라남도 함평군,50,251008,2026-03-18 00:00:00,500,35.2359581000,126.6469879200,277,38,,,2026-03-18 11:04:01
4686000000,전라남도 함평군,50,251019,2026-04-06 00:00:00,500,35.2331047100,126.6471557600,203,0,,GPS,2026-04-06 16:30:02
4686000000,전라남도 함평군,50,251020,2026-04-01 00:00:00,500,35.1469268800,126.8488082900,238,35,,GPS,2026-04-01 11:32:01
4686000000,전라남도 함평군,50,251025,2026-03-29 00:00:00,500,35.2347374000,126.6480484000,22,70,,GPS,2026-03-29 16:06:01
4686000000,전라남도 함평군,50,251027,2026-03-27 00:00:00,500,35.2355079700,126.6476974500,17,33,,GPS,2026-03-27 16:11:01
4686000000,전라남도 함평군,50,251037,2026-03-18 00:00:00,500,35.2345657300,126.6474914600,7,0,,,2026-03-18 16:22:01
4686000000,전라남도 함평군,50,251038,2026-03-26 00:00:00,500,35.1607666000,126.8770828200,356,64,,,2026-03-26 13:59:02
4686000000,전라남도 함평군,50,251039,2026-03-24 00:00:00,500,35.1570282000,126.8764877300,201,31,,,2026-03-24 17:57:01
4686000000,전라남도 함평군,50,251040,2026-03-20 00:00:00,500,35.0620384200,126.5237350500,186,23,,,2026-03-20 20:00:11
4686000000,전라남도 함평군,50,251043,2026-03-25 00:00:00,500,35.2339668300,126.6473846400,204,27,,,2026-03-25 16:28:01
4686000000,전라남도 함평군,50,251045,2026-04-02 00:00:00,500,35.2346077000,126.6474151600,3,0,,GPS,2026-04-02 16:21:01
4686000000,전라남도 함평군,50,251046,2026-04-05 00:00:00,500,35.2359008800,126.6476898200,189,0,,GPS,2026-04-05 09:21:02
4686000000,전라남도 함평군,52,251005,2026-04-01 00:00:00,500,35.0623283400,126.5232162500,252,0,,GPS,2026-04-01 10:02:01
4686000000,전라남도 함평군,52,251006,2026-04-05 00:00:00,500,35.0622329700,126.5233840900,77,0,,GPS,2026-04-05 09:48:03
4686000000,전라남도 함평군,52,251008,2026-04-06 00:00:00,500,35.0622100800,126.5237426800,332,0,,GPS,2026-04-06 09:49:01
4686000000,전라남도 함평군,52,251012,2026-03-19 00:00:00,500,35.0621185300,126.5237121600,123,0,,,2026-03-19 13:30:01
4686000000,전라남도 함평군,52,251023,2026-03-28 00:00:00,500,35.0621910100,126.5234603900,243,0,,GPS,2026-03-28 13:34:00
4686000000,전라남도 함평군,52,251025,2026-03-15 00:00:00,500,0E-10,0E-10,146,36,,,2026-03-15 13:41:01
4686000000,전라남도 함평군,52,251029,2026-03-24 00:00:00,500,35.0621795700,126.5234146100,161,19,,,2026-03-24 13:35:00
4686000000,전라남도 함평군,52,251030,2026-03-26 00:00:00,500,35.1000862100,126.5938034100,14,0,,,2026-03-26 13:59:02
4686000000,전라남도 함평군,52,251036,2026-03-23 00:00:00,500,35.0647277800,126.5249023400,133,64,,,2026-03-23 09:42:02
4686000000,전라남도 함평군,52,251037,2026-04-05 00:00:00,500,35.0624389600,126.5230712900,146,0,,GPS,2026-04-05 12:40:00
4686000000,전라남도 함평군,52,251038,2026-04-01 00:00:00,500,35.0686836200,126.5301742600,158,0,,GPS,2026-04-01 12:35:02
4686000000,전라남도 함평군,52,251039,2026-03-27 00:00:00,500,35.0621986400,126.5235290500,356,0,,GPS,2026-03-27 12:50:02
4686000000,전라남도 함평군,52,251040,2026-04-04 00:00:00,500,35.0622291600,126.5234756500,241,0,,GPS,2026-04-04 13:35:01
4686000000,전라남도 함평군,52,251043,2026-03-30 00:00:00,500,35.0622139000,126.5234680200,135,0,,GPS,2026-03-30 13:35:01
4686000000,전라남도 함평군,52,251045,2026-04-03 00:00:00,500,35.0622139000,126.5234680200,53,0,,GPS,2026-04-03 13:33:03
4686000000,전라남도 함평군,52,251046,2026-04-06 00:00:00,500,35.0622062700,126.5234527600,264,0,,GPS,2026-04-06 12:40:03
4686000000,전라남도 함평군,53,251000,2026-04-06 00:00:00,500,35.1710472100,126.4039382900,9,0,,GPS,2026-04-06 09:06:01
4686000000,전라남도 함평군,53,251007,2026-04-05 00:00:00,500,35.1712265000,126.4040298500,208,0,,GPS,2026-04-05 09:07:01
4686000000,전라남도 함평군,53,251012,2026-03-15 00:00:00,500,35.1835250900,126.5980606100,82,0,,,2026-03-15 10:09:01
4686000000,전라남도 함평군,53,251019,2026-04-06 00:00:00,500,35.1713638300,126.4040374800,194,0,,GPS,2026-04-06 12:23:01
4686000000,전라남도 함평군,53,251023,2026-03-24 00:00:00,500,35.1714210500,126.4040451000,194,41,,,2026-03-24 09:14:01
4686000000,전라남도 함평군,53,251025,2026-04-01 00:00:00,500,35.1714706400,126.4040527300,327,58,,GPS,2026-04-01 09:21:01
4686000000,전라남도 함평군,53,251027,2026-03-29 00:00:00,500,35.1643867500,126.4046630900,342,45,,GPS,2026-03-29 09:01:01
4686000000,전라남도 함평군,53,251029,2026-03-27 00:00:00,500,35.1755027800,126.5159454300,80,0,,GPS,2026-04-06 16:37:01
4686000000,전라남도 함평군,53,251037,2026-04-04 00:00:00,500,35.1713867200,126.4040679900,344,0,,GPS,2026-04-04 09:24:01
4686000000,전라남도 함평군,53,251038,2026-03-28 00:00:00,500,35.1648674000,126.4045028700,340,35,,GPS,2026-03-28 09:03:01
4686000000,전라남도 함평군,53,251039,2026-03-24 00:00:00,500,35.1713676500,126.4039917000,332,0,,,2026-03-24 12:31:01
4686000000,전라남도 함평군,53,251040,2026-03-20 00:00:00,500,35.1619567900,126.8755264300,280,23,,,2026-03-20 14:37:02
4686000000,전라남도 함평군,53,251043,2026-03-25 00:00:00,500,35.1713829000,126.4039459200,197,0,,,2026-03-25 12:28:01
4686000000,전라남도 함평군,53,251045,2026-04-02 00:00:00,500,35.1714668300,126.4039611800,325,0,,GPS,2026-04-02 12:21:02
4686000000,전라남도 함평군,53,251046,2026-03-26 00:00:00,500,35.1657371500,126.4039459200,343,25,,,2026-03-26 09:06:01
4686000000,전라남도 함평군,55,251000,2026-03-26 00:00:00,500,35.2754249600,126.5014038100,338,0,,,2026-03-26 10:38:01
4686000000,전라남도 함평군,55,251001,2026-04-04 00:00:00,500,35.1566009500,126.8768920900,2,0,,GPS,2026-04-04 21:39:01
4686000000,전라남도 함평군,55,251007,2026-03-27 00:00:00,500,35.2727508500,126.5029296900,129,29,,GPS,2026-03-27 10:52:01
4686000000,전라남도 함평군,55,251012,2026-03-24 00:00:00,500,35.2738227800,126.5040054300,224,0,,,2026-03-24 10:48:01
4686000000,전라남도 함평군,55,251019,2026-04-01 00:00:00,500,35.1631469700,126.8498992900,291,0,,GPS,2026-04-01 05:29:01
4686000000,전라남도 함평군,55,251021,2026-03-27 00:00:00,500,35.2737922700,126.5040130600,110,0,,GPS,2026-03-27 14:19:01
4686000000,전라남도 함평군,55,251023,2026-04-02 00:00:00,500,35.2640075700,126.5106582600,143,0,,GPS,2026-04-02 10:55:01
4686000000,전라남도 함평군,55,251025,2026-04-05 00:00:00,500,0E-10,0E-10,277,56,,GPS,2026-04-05 14:03:01
4686000000,전라남도 함평군,55,251027,2026-04-04 00:00:00,500,35.2738914500,126.5039520300,35,0,,GPS,2026-04-04 10:39:01
4686000000,전라남도 함평군,55,251029,2026-03-26 00:00:00,500,35.2738418600,126.5037765500,252,32,,,2026-03-26 07:01:05
4686000000,전라남도 함평군,55,251030,2026-03-29 00:00:00,500,35.1616325400,126.8820571900,256,21,,GPS,2026-03-29 15:48:01
4686000000,전라남도 함평군,55,251037,2026-04-03 00:00:00,500,35.2738456700,126.5039367700,119,24,,GPS,2026-04-03 14:17:02
4686000000,전라남도 함평군,55,251038,2026-04-06 00:00:00,500,35.2738151600,126.5040130600,230,15,,GPS,2026-04-06 10:33:01
4686000000,전라남도 함평군,55,251039,2026-04-03 00:00:00,500,35.1813201900,126.6034545900,90,55,,GPS,2026-04-03 11:09:00
4686000000,전라남도 함평군,55,251040,2026-04-06 00:00:00,500,35.2557830800,126.5137939500,340,68,,GPS,2026-04-06 16:37:01
4686000000,전라남도 함평군,55,251043,2026-04-01 00:00:00,500,35.2739639300,126.5044403100,232,0,,GPS,2026-04-01 10:49:03
4686000000,전라남도 함평군,55,251045,2026-04-06 00:00:00,500,35.2732315100,126.5028152500,253,0,,GPS,2026-04-06 14:22:00
4686000000,전라남도 함평군,55,251046,2026-04-05 00:00:00,500,35.2754287700,126.5014267000,340,31,,GPS,2026-04-05 20:15:01
4686000000,전라남도 함평군,57,251000,2026-03-27 00:00:00,500,35.0622825600,126.5237350500,151,23,,GPS,2026-03-27 18:12:01
4686000000,전라남도 함평군,57,251005,2026-04-06 00:00:00,500,35.0622024500,126.5236282300,85,27,,GPS,2026-04-06 10:16:01
4686000000,전라남도 함평군,57,251006,2026-04-04 00:00:00,500,35.0633659400,126.5201187100,181,0,,GPS,2026-04-04 10:53:01
4686000000,전라남도 함평군,57,251007,2026-04-06 00:00:00,500,35.1542244000,126.8767852800,177,42,,GPS,2026-04-06 16:37:01
4686000000,전라남도 함평군,57,251008,2026-04-01 00:00:00,500,35.0622444200,126.5236206100,325,0,,GPS,2026-04-01 10:41:02
4686000000,전라남도 함평군,57,251012,2026-03-25 00:00:00,500,35.0621185300,126.5235824600,165,0,,,2026-03-25 18:44:01
4686000000,전라남도 함평군,57,251019,2026-03-29 00:00:00,500,35.0621109000,126.5237197900,28,0,,GPS,2026-03-29 18:32:01
4686000000,전라남도 함평군,57,251020,2026-03-30 00:00:00,500,35.0621032700,126.5236511200,194,0,,GPS,2026-03-30 15:38:01
4686000000,전라남도 함평군,57,251021,2026-03-30 00:00:00,500,35.0621452300,126.5236816400,141,20,,GPS,2026-03-30 18:45:01
4686000000,전라남도 함평군,57,251023,2026-04-03 00:00:00,500,35.0621223400,126.5236282300,162,15,,GPS,2026-04-03 18:47:00
4686000000,전라남도 함평군,57,251025,2026-03-20 00:00:00,500,35.0620422400,126.5238113400,347,27,,,2026-03-20 18:23:01
4686000000,전라남도 함평군,57,251027,2026-04-05 00:00:00,500,35.0621032700,126.5235748300,141,18,,GPS,2026-04-05 18:51:01
4686000000,전라남도 함평군,57,251029,2026-03-15 00:00:00,500,35.0620193500,126.5239334100,114,0,,,2026-03-15 18:38:01
4686000000,전라남도 함평군,57,251036,2026-04-05 00:00:00,500,35.1440773000,126.8043899500,69,61,,GPS,2026-04-06 16:37:01
4686000000,전라남도 함평군,57,251037,2026-03-24 00:00:00,500,35.1122665400,126.5790329000,4,49,,,2026-03-24 18:02:01
4686000000,전라남도 함평군,57,251039,2026-04-02 00:00:00,500,35.0647964500,126.5216445900,211,4,,GPS,2026-04-02 18:24:02
4686000000,전라남도 함평군,57,251040,2026-03-13 00:00:00,500,35.0622520400,126.5236053500,11,9,,,2026-03-13 18:52:01
4686000000,전라남도 함평군,57,251046,2026-03-14 00:00:00,500,35.0620994600,126.5236434900,157,0,,,2026-03-14 18:47:01
4686000000,전라남도 함평군,59,251000,2026-04-06 00:00:00,500,35.0623016400,126.5235366800,37,64,,GPS,2026-04-06 15:30:01
4686000000,전라남도 함평군,59,251005,2026-04-05 00:00:00,500,35.0649833700,126.5185394300,90,42,,GPS,2026-04-05 20:34:01
4686000000,전라남도 함평군,59,251006,2026-04-04 00:00:00,500,35.0625343300,126.5236053500,169,36,,GPS,2026-04-04 19:09:00
4686000000,전라남도 함평군,59,251007,2026-04-05 00:00:00,500,35.0621566800,126.5237426800,48,52,,GPS,2026-04-05 15:16:01
4686000000,전라남도 함평군,59,251008,2026-04-04 00:00:00,500,35.1434021000,126.4307708700,139,27,,GPS,2026-04-04 20:07:01
4686000000,전라남도 함평군,59,251012,2026-03-28 00:00:00,500,35.0621261600,126.5236740100,151,51,,GPS,2026-03-28 10:31:01
4686000000,전라남도 함평군,59,251019,2026-04-02 00:00:00,500,35.0621109000,126.5233993500,234,47,,GPS,2026-04-02 10:41:01
4686000000,전라남도 함평군,59,251020,2026-03-27 00:00:00,500,35.0624313400,126.5230102500,330,34,,GPS,2026-03-27 19:34:01
4686000000,전라남도 함평군,59,251021,2026-03-22 00:00:00,500,35.1634826700,126.8500289900,356,53,,,2026-03-24 18:02:01
4686000000,전라남도 함평군,59,251023,2026-04-06 00:00:00,500,35.0621490500,126.5235900900,158,57,,GPS,2026-04-06 10:31:00
4686000000,전라남도 함평군,59,251025,2026-04-01 00:00:00,500,35.0623283400,126.5236969000,12,66,,GPS,2026-04-01 15:17:01
4686000000,전라남도 함평군,59,251027,2026-04-01 00:00:00,500,35.0621986400,126.5237350500,155,61,,GPS,2026-04-01 09:08:01
4686000000,전라남도 함평군,59,251029,2026-03-24 00:00:00,500,35.0618667600,126.5213165300,96,60,,,2026-03-24 10:57:01
4686000000,전라남도 함평군,59,251030,2026-04-04 00:00:00,500,35.0622100800,126.5236816400,120,47,,GPS,2026-04-04 10:24:02
4686000000,전라남도 함평군,59,251036,2026-03-20 00:00:00,500,35.1617126500,126.8819961500,251,51,,,2026-03-20 13:12:01
4686000000,전라남도 함평군,59,251037,2026-04-06 00:00:00,500,35.0622673000,126.5234069800,211,30,,GPS,2026-04-06 09:11:01
4686000000,전라남도 함평군,59,251038,2026-04-03 00:00:00,500,35.0623092700,126.5235290500,30,28,,GPS,2026-04-03 09:11:02
4686000000,전라남도 함평군,59,251039,2026-03-29 00:00:00,500,35.0625228900,126.5226211500,158,37,,GPS,2026-03-29 08:49:03
4686000000,전라남도 함평군,59,251040,2026-04-04 00:00:00,500,35.0620918300,126.5235519400,73,46,,GPS,2026-04-04 11:21:03
4686000000,전라남도 함평군,59,251043,2026-04-05 00:00:00,500,35.0621833800,126.5234222400,245,40,,GPS,2026-04-05 10:36:01
4686000000,전라남도 함평군,59,251045,2026-04-05 00:00:00,500,35.0620117200,126.5235137900,220,0,,GPS,2026-04-05 09:05:01
4686000000,전라남도 함평군,59,251046,2026-04-06 00:00:00,500,35.0620956400,126.5235672000,169,61,,GPS,2026-04-06 11:14:01
4686000000,전라남도 함평군,60,251000,2026-04-02 00:00:00,500,35.0621528600,126.5236969000,170,45,,GPS,2026-04-02 14:55:01
4686000000,전라남도 함평군,60,251005,2026-04-01 00:00:00,500,35.0621185300,126.5235443100,27,58,,GPS,2026-04-01 07:57:01
4686000000,전라남도 함평군,60,251006,2026-04-05 00:00:00,500,35.0621528600,126.5237121600,140,38,,GPS,2026-04-05 07:57:01
4686000000,전라남도 함평군,60,251007,2026-04-04 00:00:00,500,35.0621719400,126.5234680200,268,58,,GPS,2026-04-04 15:21:01
4686000000,전라남도 함평군,60,251008,2026-04-06 00:00:00,500,35.0622024500,126.5237731900,163,56,,GPS,2026-04-06 08:09:01
4686000000,전라남도 함평군,60,251012,2026-03-18 00:00:00,500,35.0621376000,126.5234451300,246,51,,,2026-03-18 16:47:01
4686000000,전라남도 함평군,60,251019,2026-03-15 00:00:00,500,35.0615768400,126.5237655600,54,42,,,2026-03-15 14:59:01
4686000000,전라남도 함평군,60,251020,2026-03-28 00:00:00,500,35.0621910100,126.5238723800,147,24,,GPS,2026-03-28 09:53:01
4686000000,전라남도 함평군,60,251023,2026-03-27 00:00:00,500,35.0621604900,126.5235900900,164,53,,GPS,2026-03-27 16:46:01
4686000000,전라남도 함평군,60,251025,2026-04-02 00:00:00,500,35.0625991800,126.5237197900,340,42,,GPS,2026-04-02 16:41:01
4686000000,전라남도 함평군,60,251027,2026-03-26 00:00:00,500,35.1055641200,126.4534835800,298,56,,,2026-03-26 13:59:02
4686000000,전라남도 함평군,60,251028,2026-02-04 00:00:00,500,35.0621757500,126.5237808200,93,18,,GPS,2026-04-06 16:37:01
4686000000,전라남도 함평군,60,251029,2026-03-17 00:00:00,500,35.0617446900,126.5237808200,191,43,,,2026-03-17 14:56:01
4686000000,전라남도 함평군,60,251038,2026-03-31 00:00:00,500,35.1425705000,126.4268341100,21,30,,GPS,2026-03-31 15:33:00
4686000000,전라남도 함평군,60,251039,2026-03-23 00:00:00,500,35.0621223400,126.5237808200,204,0,,,2026-03-23 15:01:01
4686000000,전라남도 함평군,60,251040,2026-04-05 00:00:00,500,35.0634994500,126.5222320600,152,44,,GPS,2026-04-05 16:19:01
4686000000,전라남도 함평군,60,251043,2026-03-24 00:00:00,500,35.0623893700,126.5236663800,112,54,,,2026-03-24 15:13:01
4686000000,전라남도 함평군,60,251045,2026-03-30 00:00:00,500,35.0622177100,126.5237426800,45,30,,GPS,2026-03-30 15:14:01
4686000000,전라남도 함평군,60,251046,2026-04-04 00:00:00,500,35.0620422400,126.5233078000,310,45,,GPS,2026-04-04 16:51:03
4686000000,전라남도 함평군,62,251000,2026-03-27 00:00:00,500,35.0633430500,126.5223083500,315,47,,GPS,2026-03-27 10:02:02
4686000000,전라남도 함평군,62,251005,2026-04-06 00:00:00,500,35.0922393800,126.4650039700,340,43,,GPS,2026-04-06 16:37:01
4686000000,전라남도 함평군,62,251006,2026-04-04 00:00:00,500,35.0622787500,126.5235443100,98,41,,GPS,2026-04-04 17:42:01
4686000000,전라남도 함평군,62,251007,2026-04-06 00:00:00,500,35.0620079000,126.5235900900,158,47,,GPS,2026-04-06 09:57:00
4686000000,전라남도 함평군,62,251008,2026-04-01 00:00:00,500,35.1430778500,126.4276275600,77,17,,GPS,2026-04-01 16:52:01
4686000000,전라남도 함평군,62,251012,2026-03-25 00:00:00,500,35.0621337900,126.5237045300,166,55,,,2026-03-25 09:57:01
4686000000,전라남도 함평군,62,251019,2026-03-29 00:00:00,500,35.0619239800,126.5232086200,20,0,,GPS,2026-03-29 09:55:02
4686000000,전라남도 함평군,62,251020,2026-03-27 00:00:00,500,35.0622329700,126.5237350500,111,63,,GPS,2026-03-27 17:38:01
4686000000,전라남도 함평군,62,251021,2026-03-30 00:00:00,500,35.1616478000,126.8820877100,248,63,,GPS,2026-03-30 11:38:01
4686000000,전라남도 함평군,62,251023,2026-04-03 00:00:00,500,35.0634422300,126.5222244300,147,60,,GPS,2026-04-03 09:53:04
4686000000,전라남도 함평군,62,251025,2026-03-20 00:00:00,500,35.0622139000,126.5234680200,228,76,,,2026-03-20 10:00:02
4686000000,전라남도 함평군,62,251027,2026-04-05 00:00:00,500,35.0620956400,126.5235290500,158,62,,GPS,2026-04-05 09:51:02
4686000000,전라남도 함평군,62,251029,2026-03-15 00:00:00,500,0E-10,0E-10,154,3,,,2026-03-15 11:23:01
4686000000,전라남도 함평군,62,251037,2026-03-24 00:00:00,500,35.0623092700,126.5233078000,167,69,,,2026-03-24 09:54:01
4686000000,전라남도 함평군,62,251038,2026-03-17 00:00:00,500,35.1425323500,126.4268188500,21,31,,,2026-03-17 09:17:01
4686000000,전라남도 함평군,62,251039,2026-04-02 00:00:00,500,35.0643539400,126.5213241600,45,54,,GPS,2026-04-02 09:54:01
4686000000,전라남도 함평군,62,251046,2026-03-14 00:00:00,500,35.0621528600,126.5234909100,285,63,,,2026-03-14 09:51:01
4686000000,전라남도 함평군,63,251000,2026-04-06 00:00:00,500,35.0620765700,126.5234832800,212,51,,GPS,2026-04-06 16:31:01
4686000000,전라남도 함평군,63,251001,2026-04-02 00:00:00,500,35.0622215300,126.5235748300,221,39,,GPS,2026-04-02 19:38:03
4686000000,전라남도 함평군,63,251005,2026-04-05 00:00:00,500,35.0636291500,126.5210876500,267,48,,GPS,2026-04-05 18:33:01
4686000000,전라남도 함평군,63,251006,2026-04-03 00:00:00,500,35.0620536800,126.5238266000,172,0,,GPS,2026-04-03 19:08:01
4686000000,전라남도 함평군,63,251007,2026-04-05 00:00:00,500,35.1618118300,126.8817215000,230,45,,GPS,2026-04-05 17:57:01
4686000000,전라남도 함평군,63,251008,2026-04-04 00:00:00,500,35.0622482300,126.5234985400,93,31,,GPS,2026-04-04 18:14:01
4686000000,전라남도 함평군,63,251012,2026-03-31 00:00:00,500,35.0621337900,126.5237350500,155,35,,GPS,2026-03-31 19:32:00
4686000000,전라남도 함평군,63,251019,2026-04-03 00:00:00,500,35.0621986400,126.5238876300,35,42,,GPS,2026-04-03 19:08:01
4686000000,전라남도 함평군,63,251021,2026-04-06 00:00:00,500,35.0638313300,126.5215835600,157,53,,GPS,2026-04-06 09:54:00
4686000000,전라남도 함평군,63,251023,2026-04-05 00:00:00,500,35.0622901900,126.5235824600,0,58,,GPS,2026-04-05 09:12:01
4686000000,전라남도 함평군,63,251025,2026-04-02 00:00:00,500,35.0620079000,126.5229415900,226,32,,GPS,2026-04-02 14:50:23
4686000000,전라남도 함평군,63,251027,2026-03-29 00:00:00,500,35.0621566800,126.5236511200,170,53,,GPS,2026-03-29 16:28:01
4686000000,전라남도 함평군,63,251029,2026-03-20 00:00:00,500,35.0620422400,126.5236969000,265,30,,,2026-03-20 19:36:04
4686000000,전라남도 함평군,63,251030,2026-04-03 00:00:00,500,35.0623817400,126.5235595700,133,39,,GPS,2026-04-03 09:03:02
4686000000,전라남도 함평군,63,251036,2026-03-16 00:00:00,500,35.0621604900,126.5237274200,175,61,,,2026-03-16 18:14:01
4686000000,전라남도 함평군,63,251037,2026-04-04 00:00:00,500,35.0622711200,126.5235214200,166,66,,GPS,2026-04-04 16:14:01
4686000000,전라남도 함평군,63,251038,2026-03-31 00:00:00,500,35.0220527600,126.4096603400,259,0,,GPS,2026-03-31 14:19:01
4686000000,전라남도 함평군,63,251039,2026-04-06 00:00:00,500,35.0621681200,126.5238037100,178,37,,GPS,2026-04-06 12:54:01
4686000000,전라남도 함평군,63,251040,2026-04-05 00:00:00,500,35.0622139000,126.5234985400,75,47,,GPS,2026-04-05 15:02:01
4686000000,전라남도 함평군,63,251043,2026-04-04 00:00:00,500,35.0621109000,126.5235748300,199,40,,GPS,2026-04-04 09:18:02
4686000000,전라남도 함평군,63,251045,2026-03-28 00:00:00,500,35.0620956400,126.5236663800,20,24,,GPS,2026-03-28 19:35:01
4686000000,전라남도 함평군,63,251046,2026-04-04 00:00:00,500,35.0622100800,126.5233688400,268,42,,GPS,2026-04-04 14:46:01
4686000000,전라남도 함평군,66,251000,2026-04-03 00:00:00,500,35.0638160700,126.5218887300,141,29,,GPS,2026-04-03 19:32:01
4686000000,전라남도 함평군,66,251005,2026-04-05 00:00:00,500,35.0622215300,126.5235900900,156,0,,GPS,2026-04-05 16:15:01
4686000000,전라남도 함평군,66,251006,2026-04-05 00:00:00,500,35.0579948400,126.5260467500,118,43,,GPS,2026-04-06 16:37:01
4686000000,전라남도 함평군,66,251007,2026-04-04 00:00:00,500,35.0621452300,126.5234985400,264,0,,GPS,2026-04-04 19:12:01
4686000000,전라남도 함평군,66,251008,2026-04-04 00:00:00,500,35.0621337900,126.5236892700,165,17,,GPS,2026-04-04 16:17:01
4686000000,전라남도 함평군,66,251012,2026-03-30 00:00:00,500,35.0621490500,126.5234375000,0,18,,GPS,2026-03-30 11:46:02
4686000000,전라남도 함평군,66,251019,2026-04-05 00:00:00,500,35.0621604900,126.5237350500,326,0,,GPS,2026-04-05 19:43:00
4686000000,전라남도 함평군,66,251020,2026-04-04 00:00:00,500,35.1543006900,126.7414627100,93,0,,GPS,2026-04-04 10:48:01
4686000000,전라남도 함평군,66,251021,2026-04-06 00:00:00,500,35.0621299700,126.5236511200,198,0,,GPS,2026-04-06 08:04:01
4686000000,전라남도 함평군,66,251023,2026-04-06 00:00:00,500,35.0621376000,126.5236358600,156,24,,GPS,2026-04-06 08:18:01
4686000000,전라남도 함평군,66,251025,2026-04-02 00:00:00,500,35.0618515000,126.5232925400,102,0,,GPS,2026-04-02 20:30:04
4686000000,전라남도 함평군,66,251027,2026-04-04 00:00:00,500,35.0621337900,126.5234527600,126,0,,GPS,2026-04-04 15:10:02
4686000000,전라남도 함평군,66,251029,2026-03-25 00:00:00,500,35.0578994800,126.5161666900,221,27,,,2026-03-25 13:36:01
4686000000,전라남도 함평군,66,251030,2026-04-06 00:00:00,500,35.0623359700,126.5232849100,251,29,,GPS,2026-04-06 11:53:00
4686000000,전라남도 함평군,66,251036,2026-03-16 00:00:00,500,35.0620155300,126.5239715600,36,0,,,2026-03-16 16:19:01
4686000000,전라남도 함평군,66,251037,2026-04-06 00:00:00,500,35.0646362300,126.5213089000,141,24,,GPS,2026-04-06 13:12:01
4686000000,전라남도 함평군,66,251038,2026-04-06 00:00:00,500,35.0684127800,126.5326690700,264,29,,GPS,2026-04-06 14:35:01
4686000000,전라남도 함평군,66,251039,2026-04-05 00:00:00,500,35.0620536800,126.5236740100,152,0,,GPS,2026-04-05 11:44:01
4686000000,전라남도 함평군,66,251040,2026-04-05 00:00:00,500,35.0622100800,126.5237121600,146,0,,GPS,2026-04-05 20:04:01
4686000000,전라남도 함평군,66,251043,2026-04-05 00:00:00,500,35.0621147200,126.5235214200,255,0,,GPS,2026-04-05 08:19:01
4686000000,전라남도 함평군,66,251045,2026-04-05 00:00:00,500,35.0624008200,126.5236587500,171,0,,GPS,2026-04-05 13:31:01
4686000000,전라남도 함평군,66,251046,2026-04-06 00:00:00,500,35.0979461700,126.5910491900,253,59,,GPS,2026-04-06 16:37:01
4686000000,전라남도 함평군,67,251000,2026-03-31 00:00:00,500,35.1619606000,126.8759613000,105,6,,GPS,2026-03-31 09:41:01
4686000000,전라남도 함평군,67,251007,2026-04-01 00:00:00,500,35.1617050200,126.8808364900,273,0,,GPS,2026-04-01 10:11:01
4686000000,전라남도 함평군,67,251012,2026-03-30 00:00:00,500,35.1615333600,126.8830184900,274,0,,GPS,2026-03-30 10:04:01
4686000000,전라남도 함평군,67,251019,2026-03-25 00:00:00,500,0E-10,0E-10,127,47,,,2026-03-25 19:30:02
4686000000,전라남도 함평군,67,251020,2026-04-06 00:00:00,500,35.1634712200,126.8500595100,244,0,,GPS,2026-04-06 16:37:01
4686000000,전라남도 함평군,67,251021,2026-03-25 00:00:00,500,35.1616363500,126.8776092500,273,0,,,2026-03-25 10:11:01
4686000000,전라남도 함평군,67,251023,2026-04-03 00:00:00,500,35.1617012000,126.8817901600,275,37,,GPS,2026-04-03 06:04:05
4686000000,전라남도 함평군,67,251025,2026-04-05 00:00:00,500,0E-10,0E-10,68,56,,GPS,2026-04-05 12:04:01
4686000000,전라남도 함평군,67,251027,2026-04-04 00:00:00,500,35.1513710000,126.8672561600,85,57,,GPS,2026-04-04 19:38:01
4686000000,전라남도 함평군,67,251029,2026-03-26 00:00:00,500,35.2352905300,126.5308456400,289,35,,,2026-03-26 13:59:02
4686000000,전라남도 함평군,67,251030,2026-04-06 00:00:00,500,35.1470832800,126.8492660500,252,0,,GPS,2026-04-06 10:23:01
4686000000,전라남도 함평군,67,251037,2026-04-03 00:00:00,500,35.2759170500,126.5013198900,340,24,,GPS,2026-04-03 14:15:02
4686000000,전라남도 함평군,67,251038,2026-04-06 00:00:00,500,35.1639976500,126.8838653600,5,0,,GPS,2026-04-06 16:37:01
4686000000,전라남도 함평군,67,251039,2026-04-05 00:00:00,500,35.1619339000,126.8775787400,279,0,,GPS,2026-04-05 09:33:03
4686000000,전라남도 함평군,67,251043,2026-04-02 00:00:00,500,35.1632804900,126.8501281700,0,27,,GPS,2026-04-02 06:03:02
4686000000,전라남도 함평군,67,251045,2026-04-06 00:00:00,500,35.1617317200,126.8816070600,353,1,,GPS,2026-04-06 12:45:01
4686000000,전라남도 함평군,67,251046,2026-04-01 00:00:00,500,35.1533851600,126.8769149800,4,29,,GPS,2026-04-01 11:46:01
4686000000,전라남도 함평군,68,251000,2026-03-18 00:00:00,500,35.1585388200,126.8968505900,131,0,,,2026-03-18 14:27:01
4686000000,전라남도 함평군,68,251005,2026-03-20 00:00:00,500,35.1738243100,126.6400833100,125,49,,,2026-03-20 20:29:04
4686000000,전라남도 함평군,68,251007,2026-04-05 00:00:00,500,35.1630477900,126.8499298100,191,23,,GPS,2026-04-05 21:35:02
4686000000,전라남도 함평군,68,251012,2026-03-16 00:00:00,500,35.1614151000,126.8837280300,274,0,,,2026-03-16 15:17:01
4686000000,전라남도 함평군,68,251023,2026-03-25 00:00:00,500,35.1613616900,126.8838653600,271,0,,,2026-03-25 15:26:00
4686000000,전라남도 함평군,68,251025,2026-04-02 00:00:00,500,0E-10,0E-10,0,56,,GPS,2026-04-02 07:38:01
4686000000,전라남도 함평군,68,251027,2026-03-30 00:00:00,500,35.1518821700,126.8757705700,56,39,,GPS,2026-03-30 13:53:00
4686000000,전라남도 함평군,68,251029,2026-03-14 00:00:00,500,35.1543579100,126.8764953600,3,42,,,2026-03-14 21:11:01
4686000000,전라남도 함평군,68,251030,2026-03-23 00:00:00,500,35.1622619600,126.8637619000,255,33,,,2026-03-23 14:23:01
4686000000,전라남도 함평군,68,251037,2026-04-04 00:00:00,500,35.1631965600,126.8499984700,258,57,,GPS,2026-04-04 21:27:01
4686000000,전라남도 함평군,68,251038,2026-03-29 00:00:00,500,35.1468009900,126.7893295300,359,62,,GPS,2026-03-29 13:33:01
4686000000,전라남도 함평군,68,251039,2026-03-26 00:00:00,500,35.1498565700,126.8551254300,184,38,,,2026-03-26 13:59:02
4686000000,전라남도 함평군,68,251040,2026-04-06 00:00:00,500,35.1584777800,126.8968811000,284,0,,GPS,2026-04-06 15:09:01
4686000000,전라남도 함평군,68,251045,2026-03-20 00:00:00,500,35.1619300800,126.8758926400,116,33,,,2026-03-20 15:10:02
4686000000,전라남도 함평군,68,251046,2026-03-28 00:00:00,500,35.1633224500,126.8499450700,351,0,,GPS,2026-03-28 14:54:00
4686000000,전라남도 함평군,69,251000,2026-03-30 00:00:00,500,35.1587867700,126.8770904500,358,58,,GPS,2026-03-30 16:34:01
4686000000,전라남도 함평군,69,251007,2026-04-03 00:00:00,500,35.1685867300,126.3840866100,347,11,,GPS,2026-04-03 14:51:01
4686000000,전라남도 함평군,69,251012,2026-03-28 00:00:00,500,35.1685943600,126.3840560900,294,41,,GPS,2026-03-28 14:49:01
4686000000,전라남도 함평군,69,251019,2026-04-02 00:00:00,500,35.1613807700,126.8821487400,7,64,,GPS,2026-04-02 16:25:01
4686000000,전라남도 함평군,69,251021,2026-04-06 00:00:00,500,35.1686401400,126.3840255700,299,71,,GPS,2026-04-06 14:00:02
4686000000,전라남도 함평군,69,251023,2026-04-06 00:00:00,500,35.1685600300,126.3840560900,100,56,,GPS,2026-04-06 14:45:01
4686000000,전라남도 함평군,69,251025,2026-04-05 00:00:00,500,35.1684799200,126.3845443700,305,56,,GPS,2026-04-05 18:09:01
4686000000,전라남도 함평군,69,251027,2026-04-02 00:00:00,500,35.1736755400,126.3848037700,9,44,,GPS,2026-04-02 17:43:02
4686000000,전라남도 함평군,69,251029,2026-03-26 00:00:00,500,35.1667633100,126.3846969600,302,59,,GPS,2026-03-26 17:43:01
4686000000,전라남도 함평군,69,251030,2026-04-04 00:00:00,500,35.1726684600,126.3845291100,11,49,,GPS,2026-04-04 14:38:01
4686000000,전라남도 함평군,69,251037,2026-04-03 00:00:00,500,35.1701011700,126.3843078600,173,0,,GPS,2026-04-03 18:02:01
4686000000,전라남도 함평군,69,251038,2026-04-04 00:00:00,500,35.1686210600,126.3840179400,292,57,,GPS,2026-04-04 17:41:02
4686000000,전라남도 함평군,69,251039,2026-03-30 00:00:00,500,35.1455345200,126.4520797700,147,19,,GPS,2026-03-30 18:23:01
4686000000,전라남도 함평군,69,251040,2026-03-15 00:00:00,500,35.1616363500,126.8808517500,253,0,,,2026-03-15 16:02:00
4686000000,전라남도 함평군,69,251043,2026-04-05 00:00:00,500,35.1616668700,126.8816223100,253,25,,GPS,2026-04-05 16:59:01
4686000000,전라남도 함평군,69,251045,2026-04-06 00:00:00,500,35.1444511400,126.8437347400,241,33,,GPS,2026-04-06 16:37:01
4686000000,전라남도 함평군,69,251046,2026-04-01 00:00:00,500,35.1701049800,126.3842620800,193,0,,GPS,2026-04-01 18:07:01
4686000000,전라남도 함평군,7,251016,2026-04-04 00:00:00,100,35.0621070900,126.5235214200,252,16,,GPS,2026-04-04 10:40:02
4686000000,전라남도 함평군,7,252005,2026-04-03 00:00:00,100,35.0621490500,126.5234756500,266,0,,GPS,2026-04-03 07:14:02
4686000000,전라남도 함평군,7,252006,2026-03-23 00:00:00,100,35.0529899600,126.5301284800,148,0,,,2026-03-23 09:54:01
4686000000,전라남도 함평군,75,251000,2026-03-18 00:00:00,500,35.1617355300,126.8724365200,162,0,,,2026-03-18 10:50:03
4686000000,전라남도 함평군,75,251012,2026-03-16 00:00:00,500,35.1639022800,126.8771514900,232,0,,,2026-03-16 11:06:01
4686000000,전라남도 함평군,75,251023,2026-03-25 00:00:00,500,35.1617240900,126.8817749000,287,0,,,2026-03-25 11:05:01
4686000000,전라남도 함평군,75,251027,2026-03-30 00:00:00,500,35.1616706800,126.8817443800,158,38,,GPS,2026-03-30 11:05:01
4686000000,전라남도 함평군,75,251030,2026-03-23 00:00:00,500,35.1615715000,126.8821563700,42,0,,,2026-03-23 10:53:01
4686000000,전라남도 함평군,75,251038,2026-03-29 00:00:00,500,35.1420555100,126.8246154800,106,67,,GPS,2026-03-29 10:23:03
4686000000,전라남도 함평군,75,251039,2026-03-26 00:00:00,500,35.1614189100,126.8798370400,16,0,,,2026-03-26 10:48:01
4686000000,전라남도 함평군,75,251040,2026-04-06 00:00:00,500,35.1613693200,126.8826675400,94,0,,GPS,2026-04-06 10:48:01
4686000000,전라남도 함평군,75,251045,2026-03-20 00:00:00,500,35.1615753200,126.8765411400,282,2,,,2026-03-20 11:02:05
4686000000,전라남도 함평군,75,251046,2026-04-05 00:00:00,500,35.1633911100,126.8499374400,11,20,,GPS,2026-04-05 14:49:02
4686000000,전라남도 함평군,77,251000,2026-03-26 00:00:00,500,35.1585235600,126.8968200700,315,0,,,2026-03-26 12:10:02
4686000000,전라남도 함평군,77,251007,2026-03-27 00:00:00,500,35.1618919400,126.8884277300,221,0,,GPS,2026-03-27 13:11:02
4686000000,전라남도 함평군,77,251012,2026-03-24 00:00:00,500,35.1613540600,126.8844680800,274,0,,,2026-03-24 13:16:01
4686000000,전라남도 함평군,77,251019,2026-03-25 00:00:00,500,35.1620597800,126.8824310300,107,40,,,2026-03-25 13:04:01
4686000000,전라남도 함평군,77,251020,2026-03-23 00:00:00,500,35.0620498700,126.5237426800,300,0,,,2026-03-23 19:42:14
4686000000,전라남도 함평군,77,251021,2026-03-27 00:00:00,500,35.1623649600,126.6801757800,279,0,,GPS,2026-03-27 17:01:01
4686000000,전라남도 함평군,77,251023,2026-04-02 00:00:00,500,35.1617240900,126.8817901600,276,0,,GPS,2026-04-02 13:15:07
4686000000,전라남도 함평군,77,251025,2026-04-05 00:00:00,500,35.1617698700,126.8812866200,254,56,,GPS,2026-04-05 15:49:01
4686000000,전라남도 함평군,77,251027,2026-04-04 00:00:00,500,35.1541137700,126.8766174300,1,40,,GPS,2026-04-04 12:01:01
4686000000,전라남도 함평군,77,251029,2026-03-26 00:00:00,500,35.1616287200,126.8816909800,35,17,,,2026-03-26 08:36:01
4686000000,전라남도 함평군,77,251030,2026-03-29 00:00:00,500,35.1616973900,126.8808898900,287,0,,GPS,2026-03-29 08:51:01
4686000000,전라남도 함평군,77,251037,2026-04-03 00:00:00,500,35.1609268200,126.8770141600,177,22,,GPS,2026-04-03 16:21:02
4686000000,전라남도 함평군,77,251038,2026-04-06 00:00:00,500,35.1613197300,126.8831634500,250,61,,GPS,2026-04-06 12:06:01
4686000000,전라남도 함평군,77,251039,2026-04-03 00:00:00,500,35.1616325400,126.8813247700,37,15,,GPS,2026-04-03 13:20:02
4686000000,전라남도 함평군,77,251040,2026-04-04 00:00:00,500,35.1633033800,126.8499679600,183,27,,GPS,2026-04-04 07:33:01
4686000000,전라남도 함평군,77,251043,2026-04-01 00:00:00,500,35.1612548800,126.8848037700,144,0,,GPS,2026-04-01 13:16:01
4686000000,전라남도 함평군,77,251045,2026-04-06 00:00:00,500,35.1614494300,126.8816909800,130,25,,GPS,2026-04-06 16:20:01
4686000000,전라남도 함평군,77,251046,2026-04-05 00:00:00,500,35.1634483300,126.8499755900,68,40,,GPS,2026-04-06 07:35:02
4686000000,전라남도 함평군,79,251000,2026-03-27 00:00:00,500,35.1615600600,126.8803482100,277,0,,GPS,2026-03-27 15:57:01
4686000000,전라남도 함평군,79,251005,2026-04-05 00:00:00,500,35.1618843100,126.8817672700,25,0,,GPS,2026-04-05 09:23:01
4686000000,전라남도 함평군,79,251006,2026-04-03 00:00:00,500,35.1605110200,126.8769455000,186,62,,GPS,2026-04-03 09:33:02
4686000000,전라남도 함평군,79,251007,2026-04-06 00:00:00,500,35.1616630600,126.8813705400,271,0,,GPS,2026-04-06 16:03:01
4686000000,전라남도 함평군,79,251008,2026-04-04 00:00:00,500,35.1418838500,126.8253479000,108,60,,GPS,2026-04-04 08:58:01
4686000000,전라남도 함평군,79,251012,2026-03-25 00:00:00,500,35.1613349900,126.8845672600,261,0,,,2026-03-25 16:28:01
4686000000,전라남도 함평군,79,251019,2026-03-29 00:00:00,500,35.1604805000,126.8769149800,185,20,,GPS,2026-03-29 16:33:01
4686000000,전라남도 함평군,79,251020,2026-03-31 00:00:00,500,35.1633987400,126.8499832200,226,0,,GPS,2026-03-31 15:00:02
4686000000,전라남도 함평군,79,251021,2026-03-16 00:00:00,500,35.1616897600,126.8821716300,287,0,,,2026-03-16 16:25:01
4686000000,전라남도 함평군,79,251023,2026-04-03 00:00:00,500,35.1616745000,126.8809356700,280,0,,GPS,2026-04-03 16:28:01
4686000000,전라남도 함평군,79,251025,2026-03-20 00:00:00,500,35.1612815900,126.8825759900,183,65,,,2026-03-20 16:00:02
4686000000,전라남도 함평군,79,251027,2026-04-05 00:00:00,500,35.1545143100,126.8768768300,6,31,,GPS,2026-04-05 16:01:01
4686000000,전라남도 함평군,79,251029,2026-03-25 00:00:00,500,35.1613922100,126.8793640100,116,0,,,2026-03-25 11:03:01
4686000000,전라남도 함평군,79,251030,2026-03-28 00:00:00,500,35.1617126500,126.8819580100,60,0,,GPS,2026-03-28 11:23:01
4686000000,전라남도 함평군,79,251037,2026-04-06 00:00:00,500,35.1544380200,126.8770446800,3,23,,GPS,2026-04-06 10:56:01
4686000000,전라남도 함평군,79,251038,2026-04-03 00:00:00,500,35.1617736800,126.8808746300,293,56,,GPS,2026-04-03 11:51:01
4686000000,전라남도 함평군,79,251039,2026-04-02 00:00:00,500,35.1614456200,126.8819961500,88,0,,GPS,2026-04-02 16:10:03
4686000000,전라남도 함평군,79,251040,2026-04-02 00:00:00,500,35.1569252000,126.8768386800,228,40,,GPS,2026-04-02 11:04:07
4686000000,전라남도 함평군,79,251045,2026-04-05 00:00:00,500,35.1616325400,126.8814315800,193,0,,GPS,2026-04-05 11:47:01
4686000000,전라남도 함평군,79,251046,2026-03-31 00:00:00,500,35.1534233100,126.8768844600,5,28,,GPS,2026-03-31 10:58:01
4686000000,전라남도 함평군,8,251016,2026-03-30 00:00:00,100,35.0166282700,126.5371017500,149,0,,GPS,2026-03-30 16:05:03
4686000000,전라남도 함평군,8,252001,2026-03-23 00:00:00,100,35.0797767600,126.5202713000,152,42,,,2026-03-23 19:42:14
4686000000,전라남도 함평군,8,252003,2026-03-07 00:00:00,100,35.0667495700,126.5268173200,70,26,,,2026-03-15 07:00:01
4686000000,전라남도 함평군,8,252005,2026-04-06 00:00:00,100,35.0620956400,126.5236740100,186,20,,GPS,2026-04-06 15:47:01
4686000000,전라남도 함평군,8,252006,2026-04-05 00:00:00,100,35.0621452300,126.5234832800,293,26,,GPS,2026-04-05 10:41:00
4686000000,전라남도 함평군,8,252008,2026-03-23 00:00:00,100,35.0620803800,126.5235137900,271,14,,,2026-03-23 10:39:01
4686000000,전라남도 함평군,81,251000,2026-04-06 00:00:00,500,35.0679512000,126.5347137500,107,29,,GPS,2026-04-06 16:37:01
4686000000,전라남도 함평군,81,251001,2026-04-03 00:00:00,500,35.1600379900,126.8771896400,3,0,,GPS,2026-04-03 10:58:01
4686000000,전라남도 함평군,81,251002,2025-10-17 00:00:00,500,35.1701049800,126.6646652200,309,49,,GPS,2026-04-06 16:37:01
4686000000,전라남도 함평군,81,251005,2026-04-06 00:00:00,500,35.1615982100,126.8817062400,312,37,,GPS,2026-04-06 08:16:01
4686000000,전라남도 함평군,81,251006,2026-04-04 00:00:00,500,35.1616210900,126.8771514900,238,0,,GPS,2026-04-04 14:36:01
4686000000,전라남도 함평군,81,251007,2026-04-06 00:00:00,500,35.0621032700,126.5235977200,150,25,,GPS,2026-04-06 12:55:01
4686000000,전라남도 함평군,81,251008,2026-04-03 00:00:00,500,35.1631126400,126.8497772200,128,20,,GPS,2026-04-03 13:11:01
4686000000,전라남도 함평군,81,251012,2026-04-06 00:00:00,500,35.1633987400,126.8499298100,128,0,,GPS,2026-04-06 16:37:01
4686000000,전라남도 함평군,81,251019,2026-04-05 00:00:00,500,35.1616020200,126.8818817100,280,0,,GPS,2026-04-05 21:18:01
4686000000,전라남도 함평군,81,251020,2026-04-05 00:00:00,500,35.1506424000,126.8594284100,256,0,,GPS,2026-04-05 17:20:02
4686000000,전라남도 함평군,81,251021,2026-04-06 00:00:00,500,35.1617469800,126.8815383900,24,70,,GPS,2026-04-06 06:18:02
4686000000,전라남도 함평군,81,251023,2026-04-06 00:00:00,500,35.1616706800,126.8812332200,272,55,,GPS,2026-04-06 06:29:04
4686000000,전라남도 함평군,81,251025,2026-04-05 00:00:00,500,0E-10,0E-10,0,37,,GPS,2026-04-05 05:09:01
4686000000,전라남도 함평군,81,251027,2026-04-06 00:00:00,500,35.1631088300,126.8498992900,0,8,,GPS,2026-04-06 16:37:01
4686000000,전라남도 함평군,81,251029,2026-03-24 00:00:00,500,35.1619224500,126.8811035200,90,10,,,2026-03-24 15:08:01
4686000000,전라남도 함평군,81,251030,2026-04-04 00:00:00,500,35.1617622400,126.8817977900,226,22,,GPS,2026-04-04 06:20:02
4686000000,전라남도 함평군,81,251037,2026-04-05 00:00:00,500,35.1615371700,126.8821716300,263,11,,GPS,2026-04-05 15:08:01
4686000000,전라남도 함평군,81,251038,2026-04-06 00:00:00,500,35.1504020700,126.7726516700,57,69,,GPS,2026-04-06 08:27:01
4686000000,전라남도 함평군,81,251039,2026-04-06 00:00:00,500,35.1580314600,126.8766098000,6,58,,GPS,2026-04-06 15:32:01
4686000000,전라남도 함평군,81,251040,2026-04-06 00:00:00,500,35.1635665900,126.8500061000,4,30,,GPS,2026-04-06 07:09:01
4686000000,전라남도 함평군,81,251043,2026-04-05 00:00:00,500,35.1646080000,126.8540267900,35,14,,GPS,2026-04-05 06:24:01
4686000000,전라남도 함평군,81,251045,2026-04-03 00:00:00,500,35.1616745000,126.8823776200,8,0,,GPS,2026-04-03 15:21:01
4686000000,전라남도 함평군,81,251046,2026-04-06 00:00:00,500,35.1613578800,126.8793792700,83,0,,GPS,2026-04-06 15:19:01
4686000000,전라남도 함평군,84,251000,2026-03-30 00:00:00,500,35.1614494300,126.8822021500,17,58,,GPS,2026-03-30 16:38:01
4686000000,전라남도 함평군,84,251007,2026-04-03 00:00:00,500,35.1615028400,126.8816757200,279,0,,GPS,2026-04-03 16:38:01
4686000000,전라남도 함평군,84,251012,2026-03-28 00:00:00,500,35.1614952100,126.8797454800,92,0,,GPS,2026-03-28 16:53:01
4686000000,전라남도 함평군,84,251019,2026-04-01 00:00:00,500,35.1613884000,126.8822708100,188,0,,GPS,2026-04-01 15:38:01
4686000000,전라남도 함평군,84,251021,2026-04-06 00:00:00,500,35.1617164600,126.8812179600,262,24,,GPS,2026-04-06 16:00:02
4686000000,전라남도 함평군,84,251023,2026-04-06 00:00:00,500,35.1661224400,126.8863754300,149,0,,GPS,2026-04-06 16:37:01
4686000000,전라남도 함평군,84,251025,2026-04-06 00:00:00,500,35.1635932900,126.8501663200,270,46,,GPS,2026-04-06 16:37:01
4686000000,전라남도 함평군,84,251027,2026-04-03 00:00:00,500,35.1604042100,126.8770599400,0,37,,GPS,2026-04-03 21:09:01
4686000000,전라남도 함평군,84,251029,2026-03-27 00:00:00,500,0E-10,0E-10,0,43,,GPS,2026-03-27 07:02:02
4686000000,전라남도 함평군,84,251030,2026-04-04 00:00:00,500,35.1616249100,126.8807601900,97,0,,GPS,2026-04-04 16:35:01
4686000000,전라남도 함평군,84,251037,2026-04-04 00:00:00,500,35.1664085400,126.8631820700,359,0,,GPS,2026-04-04 06:58:00
4686000000,전라남도 함평군,84,251038,2026-04-04 00:00:00,500,35.1514740000,126.8681335400,88,44,,GPS,2026-04-04 19:29:00
4686000000,전라남도 함평군,84,251039,2026-03-30 00:00:00,500,35.1534042400,126.8767013500,359,50,,GPS,2026-03-30 19:41:01
4686000000,전라남도 함평군,84,251043,2026-04-04 00:00:00,500,35.1617279100,126.8820114100,277,0,,GPS,2026-04-04 15:59:02
4686000000,전라남도 함평군,84,251045,2026-04-01 00:00:00,500,35.1616668700,126.8818664600,266,0,,GPS,2026-04-01 16:51:01
4686000000,전라남도 함평군,84,251046,2026-04-02 00:00:00,500,35.1633720400,126.8500289900,268,38,,GPS,2026-04-02 07:11:01
4686000000,전라남도 함평군,86,251000,2026-03-30 00:00:00,500,35.1686058000,126.4236831700,264,52,,GPS,2026-03-30 19:01:02
4686000000,전라남도 함평군,86,251007,2026-04-03 00:00:00,500,35.1687965400,126.4238433800,297,0,,GPS,2026-04-03 18:38:01
4686000000,전라남도 함평군,86,251012,2026-03-28 00:00:00,500,35.1687011700,126.4237365700,200,0,,GPS,2026-03-28 19:02:01
4686000000,전라남도 함평군,86,251019,2026-04-02 00:00:00,500,35.1636390700,126.4221420300,219,49,,GPS,2026-04-02 18:43:02
4686000000,전라남도 함평군,86,251023,2026-03-13 00:00:00,500,35.1686439500,126.4237213100,196,0,,,2026-03-13 18:42:01
4686000000,전라남도 함평군,86,251025,2026-03-23 00:00:00,500,0E-10,0E-10,0,0,,,2026-03-23 18:39:01
4686000000,전라남도 함평군,86,251030,2026-04-04 00:00:00,500,35.1685600300,126.4236755400,198,21,,GPS,2026-04-04 18:56:01
4686000000,전라남도 함평군,86,251038,2026-03-27 00:00:00,500,35.1687583900,126.4237365700,198,0,,GPS,2026-03-27 19:01:01
4686000000,전라남도 함평군,86,251039,2026-03-14 00:00:00,500,35.1613121000,126.8811492900,208,19,,,2026-03-14 20:47:01
4686000000,전라남도 함평군,86,251043,2026-04-05 00:00:00,500,35.1688346900,126.4237823500,180,0,,GPS,2026-04-05 19:00:02
4686000000,전라남도 함평군,86,251045,2026-04-01 00:00:00,500,35.1694603000,126.4239273100,40,40,,GPS,2026-04-01 18:41:01
4686000000,전라남도 함평군,87,251000,2026-03-31 00:00:00,500,0E-10,0E-10,0,0,,GPS,2026-03-31 06:14:02
4686000000,전라남도 함평군,87,251007,2026-04-04 00:00:00,500,35.1632614100,126.8500213600,169,0,,GPS,2026-04-04 06:36:01
4686000000,전라남도 함평군,87,251012,2026-03-30 00:00:00,500,35.1614913900,126.8800430300,92,0,,GPS,2026-03-30 06:35:02
4686000000,전라남도 함평군,87,251019,2026-04-02 00:00:00,500,35.1610717800,126.8771286000,349,53,,GPS,2026-04-02 20:38:02
4686000000,전라남도 함평군,87,251021,2026-03-19 00:00:00,500,35.1630363500,126.8498764000,139,46,,,2026-03-19 14:27:01
4686000000,전라남도 함평군,87,251023,2026-03-15 00:00:00,500,35.1617279100,126.8818435700,270,41,,,2026-03-15 06:38:01
4686000000,전라남도 함평군,87,251025,2026-03-23 00:00:00,500,35.1810607900,126.6045074500,242,8,,,2026-03-23 19:42:14
4686000000,전라남도 함평군,87,251030,2026-04-06 00:00:00,500,35.1615181000,126.8789291400,90,0,,GPS,2026-04-06 06:17:01
4686000000,전라남도 함평군,87,251038,2026-03-27 00:00:00,500,35.1577949500,126.8767547600,358,52,,GPS,2026-03-27 20:14:01
4686000000,전라남도 함평군,87,251043,2026-04-06 00:00:00,500,35.1634292600,126.8500061000,24,0,,GPS,2026-04-06 16:37:01
4686000000,전라남도 함평군,87,251045,2026-04-02 00:00:00,500,35.1620063800,126.8816452000,337,35,,GPS,2026-04-02 07:20:02
4686000000,전라남도 함평군,91,251032,2026-04-06 00:00:00,100,35.0620880100,126.5234985400,235,55,,GPS,2026-04-06 07:39:02
4686000000,전라남도 함평군,91,252000,2026-04-05 00:00:00,100,35.0623130800,126.5232620200,251,69,,GPS,2026-04-05 07:41:01
4686000000,전라남도 함평군,91,252002,2026-03-31 00:00:00,100,0E-10,0E-10,0,59,,GPS,2026-03-31 07:40:02
4686000000,전라남도 함평군,91,252007,2026-03-30 00:00:00,100,35.1117134100,126.4747161900,268,71,,GPS,2026-03-30 07:57:01
4686000000,전라남도 함평군,92,251016,2026-03-31 00:00:00,100,35.0620384200,126.5237197900,148,65,,GPS,2026-03-31 09:03:01
4686000000,전라남도 함평군,92,251032,2026-04-06 00:00:00,100,35.0620651200,126.5234909100,261,54,,GPS,2026-04-06 14:29:01
4686000000,전라남도 함평군,92,252000,2026-04-03 00:00:00,100,35.0621032700,126.5234985400,144,29,,GPS,2026-04-03 17:40:02
4686000000,전라남도 함평군,92,252001,2026-04-05 00:00:00,100,35.0621452300,126.5234298700,230,74,,GPS,2026-04-05 17:10:02
4686000000,전라남도 함평군,92,252002,2026-04-06 00:00:00,100,35.0605812100,126.5239181500,158,61,,GPS,2026-04-06 16:37:01
4686000000,전라남도 함평군,92,252005,2026-04-02 00:00:00,100,35.0598030100,126.5243759200,99,88,,GPS,2026-04-02 09:07:01
4686000000,전라남도 함평군,92,252006,2026-04-06 00:00:00,100,35.0620651200,126.5235443100,243,79,,GPS,2026-04-06 09:05:02
4686000000,전라남도 함평군,92,252007,2026-04-01 00:00:00,100,35.0621566800,126.5234298700,322,65,,GPS,2026-04-01 17:36:02
4686000000,전라남도 함평군,92,252008,2026-03-25 00:00:00,100,35.0621490500,126.5234451300,268,57,,,2026-03-25 17:39:01
4686000000,전라남도 함평군,93,251016,2026-03-31 00:00:00,100,35.0620918300,126.5234451300,0,67,,GPS,2026-03-31 11:55:01
4686000000,전라남도 함평군,93,252000,2026-03-29 00:00:00,100,35.0622520400,126.5235443100,53,54,,GPS,2026-03-29 16:00:05
4686000000,전라남도 함평군,93,252001,2026-03-20 00:00:00,100,35.0620422400,126.5234680200,227,60,,,2026-03-20 11:55:01
4686000000,전라남도 함평군,93,252002,2026-03-14 00:00:00,100,35.0620307900,126.5236358600,306,48,,,2026-03-14 15:59:02
4686000000,전라남도 함평군,93,252003,2026-03-20 00:00:00,100,35.0620460500,126.5237274200,299,0,,,2026-03-20 19:17:01
4686000000,전라남도 함평군,93,252005,2026-04-03 00:00:00,100,35.0851478600,126.5005874600,331,50,,GPS,2026-04-03 16:27:01
4686000000,전라남도 함평군,93,252006,2026-04-06 00:00:00,100,35.0621261600,126.5235137900,114,57,,GPS,2026-04-06 11:57:01
4686000000,전라남도 함평군,93,252007,2026-04-05 00:00:00,100,35.0621986400,126.5234527600,73,27,,GPS,2026-04-05 16:00:02
4686000000,전라남도 함평군,93,252008,2026-04-06 00:00:00,100,35.0622482300,126.5234756500,354,61,,GPS,2026-04-06 12:41:01
4686000000,전라남도 함평군,94,251032,2026-04-03 00:00:00,100,35.0620994600,126.5234527600,255,32,,GPS,2026-04-03 19:59:02
4686000000,전라남도 함평군,94,252000,2026-04-02 00:00:00,100,35.0621223400,126.5234527600,0,0,,GPS,2026-04-02 20:00:03
4686000000,전라남도 함평군,94,252002,2026-04-01 00:00:00,100,35.0625190700,126.5230712900,246,23,,GPS,2026-04-01 20:00:02
4686000000,전라남도 함평군,94,252007,2026-04-05 00:00:00,100,35.0621566800,126.5234680200,41,0,,GPS,2026-04-05 20:00:03
4686000000,전라남도 함평군,94,252008,2026-03-18 00:00:00,100,35.1046600300,126.4892578100,26,65,,,2026-03-18 20:17:01
4686000000,전라남도 함평군,95,251032,2026-04-06 00:00:00,100,35.0620918300,126.5234603900,37,40,,GPS,2026-04-06 12:59:01
4686000000,전라남도 함평군,95,252000,2026-04-04 00:00:00,100,35.0620956400,126.5235061600,264,52,,GPS,2026-04-04 13:10:02
4686000000,전라남도 함평군,95,252002,2026-03-31 00:00:00,100,35.0623168900,126.5237045300,319,68,,GPS,2026-03-31 12:59:01
4686000000,전라남도 함평군,95,252007,2026-03-30 00:00:00,100,35.0543518100,126.5293502800,338,47,,GPS,2026-03-30 13:06:01
4686000000,전라남도 함평군,95,252008,2026-03-16 00:00:00,100,35.0620727500,126.5234832800,115,57,,,2026-03-16 12:59:01
4686000000,전라남도 함평군,96,251032,2026-04-01 00:00:00,100,35.0621032700,126.5235137900,81,0,,GPS,2026-04-01 08:09:01
4686000000,전라남도 함평군,96,252000,2026-03-31 00:00:00,100,35.0620803800,126.5234985400,272,51,,GPS,2026-03-31 08:10:02
4686000000,전라남도 함평군,96,252002,2026-03-30 00:00:00,100,0E-10,0E-10,121,74,,GPS,2026-03-30 09:36:01
4686000000,전라남도 함평군,96,252007,2026-04-06 00:00:00,100,35.0621490500,126.5235290500,352,53,,GPS,2026-04-06 08:10:02
4686000000,전라남도 함평군,97,251000,2026-04-06 00:00:00,500,35.1616554300,126.8808517500,273,27,,GPS,2026-04-06 11:30:02
4686000000,전라남도 함평군,97,251007,2026-04-05 00:00:00,500,35.1617202800,126.8818740800,335,27,,GPS,2026-04-05 11:08:01
4686000000,전라남도 함평군,97,251012,2026-03-15 00:00:00,500,35.1616935700,126.8822631800,77,0,,,2026-03-15 11:26:01
4686000000,전라남도 함평군,97,251019,2026-04-06 00:00:00,500,35.1616325400,126.8771972700,225,0,,GPS,2026-04-06 15:03:01
4686000000,전라남도 함평군,97,251023,2026-03-24 00:00:00,500,35.1617050200,126.8818283100,285,0,,,2026-03-24 11:28:01
4686000000,전라남도 함평군,97,251025,2026-04-01 00:00:00,500,0E-10,0E-10,88,55,,GPS,2026-04-01 11:00:02
4686000000,전라남도 함평군,97,251027,2026-03-29 00:00:00,500,35.1616973900,126.8809433000,282,0,,GPS,2026-03-29 11:32:01
4686000000,전라남도 함평군,97,251029,2026-03-14 00:00:00,500,35.1614303600,126.8812942500,75,30,,,2026-03-14 11:04:04
4686000000,전라남도 함평군,97,251037,2026-04-04 00:00:00,500,35.1612892200,126.8823318500,112,0,,GPS,2026-04-04 11:10:02
4686000000,전라남도 함평군,97,251038,2026-03-28 00:00:00,500,35.1401252700,126.8312606800,100,22,,GPS,2026-03-28 10:51:03
4686000000,전라남도 함평군,97,251039,2026-03-24 00:00:00,500,35.1442031900,126.7912674000,307,58,,,2026-03-24 15:27:01
4686000000,전라남도 함평군,97,251040,2026-03-25 00:00:00,500,35.1616439800,126.8817901600,272,0,,,2026-03-25 11:26:01
4686000000,전라남도 함평군,97,251043,2026-03-25 00:00:00,500,35.1604270900,126.8880767800,330,0,,,2026-03-25 14:56:01
4686000000,전라남도 함평군,97,251045,2026-04-02 00:00:00,500,35.1615371700,126.8817367600,296,3,,GPS,2026-04-02 14:56:00
4686000000,전라남도 함평군,97,251046,2026-03-27 00:00:00,500,35.1612777700,126.8791885400,121,56,,GPS,2026-03-27 12:01:03
